fecha,sku,categoria,almacen,unidades_vendidas,stock,precio
2023-01-01,SKU_A,Lácteos,CEDIS_Norte,540,604,21.0
2023-01-08,SKU_A,Lácteos,CEDIS_Norte,530,615,29.8
2023-01-15,SKU_A,Lácteos,CEDIS_Norte,556,623,49.46
2023-01-22,SKU_A,Lácteos,CEDIS_Norte,584,720,49.63
2023-01-29,SKU_A,Lácteos,CEDIS_Norte,546,665,23.48
2023-02-05,SKU_A,Lácteos,CEDIS_Norte,551,655,21.27
2023-02-12,SKU_A,Lácteos,CEDIS_Norte,602,663,28.75
2023-02-19,SKU_A,Lácteos,CEDIS_Norte,586,700,44.08
2023-02-26,SKU_A,Lácteos,CEDIS_Norte,559,680,27.95
2023-03-05,SKU_A,Lácteos,CEDIS_Norte,587,720,48.05
2023-03-12,SKU_A,Lácteos,CEDIS_Norte,564,667,28.82
2023-03-19,SKU_A,Lácteos,CEDIS_Norte,566,691,31.13
2023-03-26,SKU_A,Lácteos,CEDIS_Norte,585,635,50.35
2023-04-02,SKU_A,Lácteos,CEDIS_Norte,531,601,47.93
2023-04-09,SKU_A,Lácteos,CEDIS_Norte,536,629,31.11
2023-04-16,SKU_A,Lácteos,CEDIS_Norte,563,640,58.29
2023-04-23,SKU_A,Lácteos,CEDIS_Norte,550,643,24.09
2023-04-30,SKU_A,Lácteos,CEDIS_Norte,581,679,23.87
2023-05-07,SKU_A,Lácteos,CEDIS_Norte,547,641,44.15
2023-05-14,SKU_A,Lácteos,CEDIS_Norte,530,585,49.19
2023-05-21,SKU_A,Lácteos,CEDIS_Norte,598,716,24.99
2023-05-28,SKU_A,Lácteos,CEDIS_Norte,550,648,23.15
2023-06-04,SKU_A,Lácteos,CEDIS_Norte,552,639,53.18
2023-06-11,SKU_A,Lácteos,CEDIS_Norte,509,638,55.42
2023-06-18,SKU_A,Lácteos,CEDIS_Norte,525,621,43.09
2023-06-25,SKU_A,Lácteos,CEDIS_Norte,535,675,22.78
2023-07-02,SKU_A,Lácteos,CEDIS_Norte,497,631,29.12
2023-07-09,SKU_A,Lácteos,CEDIS_Norte,529,616,59.41
2023-07-16,SKU_A,Lácteos,CEDIS_Norte,498,577,54.66
2023-07-23,SKU_A,Lácteos,CEDIS_Norte,500,598,31.12
2023-07-30,SKU_A,Lácteos,CEDIS_Norte,487,618,53.36
2023-08-06,SKU_A,Lácteos,CEDIS_Norte,543,613,34.81
2023-08-13,SKU_A,Lácteos,CEDIS_Norte,491,567,46.81
2023-08-20,SKU_A,Lácteos,CEDIS_Norte,460,599,57.47
2023-08-27,SKU_A,Lácteos,CEDIS_Norte,504,636,22.86
2023-09-03,SKU_A,Lácteos,CEDIS_Norte,449,580,26.85
2023-09-10,SKU_A,Lácteos,CEDIS_Norte,482,625,29.79
2023-09-17,SKU_A,Lácteos,CEDIS_Norte,426,535,35.18
2023-09-24,SKU_A,Lácteos,CEDIS_Norte,441,572,47.53
2023-10-01,SKU_A,Lácteos,CEDIS_Norte,479,557,47.38
2023-10-08,SKU_A,Lácteos,CEDIS_Norte,493,641,51.04
2023-10-15,SKU_A,Lácteos,CEDIS_Norte,480,559,52.87
2023-10-22,SKU_A,Lácteos,CEDIS_Norte,474,564,36.05
2023-10-29,SKU_A,Lácteos,CEDIS_Norte,472,530,28.44
2023-11-05,SKU_A,Lácteos,CEDIS_Norte,446,568,55.05
2023-11-12,SKU_A,Lácteos,CEDIS_Norte,469,559,28.51
2023-11-19,SKU_A,Lácteos,CEDIS_Norte,480,593,35.83
2023-11-26,SKU_A,Lácteos,CEDIS_Norte,523,655,38.35
2023-12-03,SKU_A,Lácteos,CEDIS_Norte,511,594,25.59
2023-12-10,SKU_A,Lácteos,CEDIS_Norte,464,609,42.45
2023-12-17,SKU_A,Lácteos,CEDIS_Norte,522,605,49.88
2023-12-24,SKU_A,Lácteos,CEDIS_Norte,511,615,55.91
2023-12-31,SKU_A,Lácteos,CEDIS_Norte,510,611,34.48
2024-01-07,SKU_A,Lácteos,CEDIS_Norte,548,615,40.38
2024-01-14,SKU_A,Lácteos,CEDIS_Norte,565,626,50.23
2024-01-21,SKU_A,Lácteos,CEDIS_Norte,568,632,26.11
2024-01-28,SKU_A,Lácteos,CEDIS_Norte,530,600,51.68
2024-02-04,SKU_A,Lácteos,CEDIS_Norte,549,653,43.86
2024-02-11,SKU_A,Lácteos,CEDIS_Norte,570,669,35.26
2024-02-18,SKU_A,Lácteos,CEDIS_Norte,590,699,41.16
2024-02-25,SKU_A,Lácteos,CEDIS_Norte,558,678,54.43
2024-03-03,SKU_A,Lácteos,CEDIS_Norte,568,619,47.21
2024-03-10,SKU_A,Lácteos,CEDIS_Norte,548,612,47.27
2024-03-17,SKU_A,Lácteos,CEDIS_Norte,548,666,50.04
2024-03-24,SKU_A,Lácteos,CEDIS_Norte,599,747,45.64
2024-03-31,SKU_A,Lácteos,CEDIS_Norte,613,677,31.74
2024-04-07,SKU_A,Lácteos,CEDIS_Norte,577,647,38.15
2024-04-14,SKU_A,Lácteos,CEDIS_Norte,603,745,55.03
2024-04-21,SKU_A,Lácteos,CEDIS_Norte,585,668,58.88
2024-04-28,SKU_A,Lácteos,CEDIS_Norte,557,704,27.15
2024-05-05,SKU_A,Lácteos,CEDIS_Norte,579,642,54.82
2024-05-12,SKU_A,Lácteos,CEDIS_Norte,605,693,53.67
2024-05-19,SKU_A,Lácteos,CEDIS_Norte,561,675,44.36
2024-05-26,SKU_A,Lácteos,CEDIS_Norte,596,665,34.96
2024-06-02,SKU_A,Lácteos,CEDIS_Norte,486,556,41.58
2024-06-09,SKU_A,Lácteos,CEDIS_Norte,566,715,56.9
2024-06-16,SKU_A,Lácteos,CEDIS_Norte,542,592,43.96
2024-06-23,SKU_A,Lácteos,CEDIS_Norte,526,638,20.78
2024-06-30,SKU_A,Lácteos,CEDIS_Norte,529,625,55.15
2024-07-07,SKU_A,Lácteos,CEDIS_Norte,471,560,29.58
2024-07-14,SKU_A,Lácteos,CEDIS_Norte,509,589,55.12
2024-07-21,SKU_A,Lácteos,CEDIS_Norte,517,577,23.43
2024-07-28,SKU_A,Lácteos,CEDIS_Norte,539,651,52.64
2024-08-04,SKU_A,Lácteos,CEDIS_Norte,484,631,41.31
2024-08-11,SKU_A,Lácteos,CEDIS_Norte,472,538,25.14
2024-08-18,SKU_A,Lácteos,CEDIS_Norte,475,585,57.87
2024-08-25,SKU_A,Lácteos,CEDIS_Norte,506,577,30.6
2024-09-01,SKU_A,Lácteos,CEDIS_Norte,488,615,36.93
2024-09-08,SKU_A,Lácteos,CEDIS_Norte,464,541,57.16
2024-09-15,SKU_A,Lácteos,CEDIS_Norte,488,634,49.2
2024-09-22,SKU_A,Lácteos,CEDIS_Norte,477,552,48.52
2024-09-29,SKU_A,Lácteos,CEDIS_Norte,498,599,59.81
2024-10-06,SKU_A,Lácteos,CEDIS_Norte,457,590,34.94
2024-10-13,SKU_A,Lácteos,CEDIS_Norte,467,583,38.06
2024-10-20,SKU_A,Lácteos,CEDIS_Norte,467,548,28.99
2024-10-27,SKU_A,Lácteos,CEDIS_Norte,443,536,20.84
2024-11-03,SKU_A,Lácteos,CEDIS_Norte,490,610,29.2
2024-11-10,SKU_A,Lácteos,CEDIS_Norte,493,571,20.29
2024-11-17,SKU_A,Lácteos,CEDIS_Norte,491,631,45.24
2024-11-24,SKU_A,Lácteos,CEDIS_Norte,490,569,22.7
2024-12-01,SKU_A,Lácteos,CEDIS_Norte,466,520,54.39
2024-12-08,SKU_A,Lácteos,CEDIS_Norte,496,555,40.57
2024-12-15,SKU_A,Lácteos,CEDIS_Norte,504,589,46.76
2024-12-22,SKU_A,Lácteos,CEDIS_Norte,499,576,41.57
2024-12-29,SKU_A,Lácteos,CEDIS_Norte,522,664,57.42
2023-01-01,SKU_A,Lácteos,CEDIS_Centro,502,625,38.91
2023-01-08,SKU_A,Lácteos,CEDIS_Centro,545,695,38.92
2023-01-15,SKU_A,Lácteos,CEDIS_Centro,508,610,27.62
2023-01-22,SKU_A,Lácteos,CEDIS_Centro,516,578,46.36
2023-01-29,SKU_A,Lácteos,CEDIS_Centro,513,608,36.94
2023-02-05,SKU_A,Lácteos,CEDIS_Centro,472,581,54.55
2023-02-12,SKU_A,Lácteos,CEDIS_Centro,524,580,46.93
2023-02-19,SKU_A,Lácteos,CEDIS_Centro,530,662,23.94
2023-02-26,SKU_A,Lácteos,CEDIS_Centro,594,695,49.13
2023-03-05,SKU_A,Lácteos,CEDIS_Centro,531,594,29.95
2023-03-12,SKU_A,Lácteos,CEDIS_Centro,545,619,41.45
2023-03-19,SKU_A,Lácteos,CEDIS_Centro,539,606,36.88
2023-03-26,SKU_A,Lácteos,CEDIS_Centro,511,596,38.51
2023-04-02,SKU_A,Lácteos,CEDIS_Centro,569,628,37.73
2023-04-09,SKU_A,Lácteos,CEDIS_Centro,559,679,23.92
2023-04-16,SKU_A,Lácteos,CEDIS_Centro,559,692,59.97
2023-04-23,SKU_A,Lácteos,CEDIS_Centro,515,566,58.76
2023-04-30,SKU_A,Lácteos,CEDIS_Centro,570,716,53.95
2023-05-07,SKU_A,Lácteos,CEDIS_Centro,497,568,36.26
2023-05-14,SKU_A,Lácteos,CEDIS_Centro,543,654,28.55
2023-05-21,SKU_A,Lácteos,CEDIS_Centro,578,679,56.1
2023-05-28,SKU_A,Lácteos,CEDIS_Centro,494,565,35.16
2023-06-04,SKU_A,Lácteos,CEDIS_Centro,500,599,30.61
2023-06-11,SKU_A,Lácteos,CEDIS_Centro,511,661,51.41
2023-06-18,SKU_A,Lácteos,CEDIS_Centro,490,576,36.92
2023-06-25,SKU_A,Lácteos,CEDIS_Centro,458,601,59.82
2023-07-02,SKU_A,Lácteos,CEDIS_Centro,493,614,46.47
2023-07-09,SKU_A,Lácteos,CEDIS_Centro,459,571,26.19
2023-07-16,SKU_A,Lácteos,CEDIS_Centro,491,578,28.71
2023-07-23,SKU_A,Lácteos,CEDIS_Centro,451,508,43.17
2023-07-30,SKU_A,Lácteos,CEDIS_Centro,507,626,22.44
2023-08-06,SKU_A,Lácteos,CEDIS_Centro,444,534,22.29
2023-08-13,SKU_A,Lácteos,CEDIS_Centro,451,575,39.07
2023-08-20,SKU_A,Lácteos,CEDIS_Centro,475,592,26.3
2023-08-27,SKU_A,Lácteos,CEDIS_Centro,420,535,23.2
2023-09-03,SKU_A,Lácteos,CEDIS_Centro,453,526,22.74
2023-09-10,SKU_A,Lácteos,CEDIS_Centro,478,536,47.01
2023-09-17,SKU_A,Lácteos,CEDIS_Centro,403,483,36.15
2023-09-24,SKU_A,Lácteos,CEDIS_Centro,447,569,29.85
2023-10-01,SKU_A,Lácteos,CEDIS_Centro,449,575,21.59
2023-10-08,SKU_A,Lácteos,CEDIS_Centro,462,522,36.77
2023-10-15,SKU_A,Lácteos,CEDIS_Centro,413,537,42.61
2023-10-22,SKU_A,Lácteos,CEDIS_Centro,413,503,57.39
2023-10-29,SKU_A,Lácteos,CEDIS_Centro,461,537,46.79
2023-11-05,SKU_A,Lácteos,CEDIS_Centro,459,549,29.55
2023-11-12,SKU_A,Lácteos,CEDIS_Centro,461,561,25.24
2023-11-19,SKU_A,Lácteos,CEDIS_Centro,468,600,32.0
2023-11-26,SKU_A,Lácteos,CEDIS_Centro,447,537,57.16
2023-12-03,SKU_A,Lácteos,CEDIS_Centro,474,533,20.37
2023-12-10,SKU_A,Lácteos,CEDIS_Centro,481,610,59.94
2023-12-17,SKU_A,Lácteos,CEDIS_Centro,462,524,22.93
2023-12-24,SKU_A,Lácteos,CEDIS_Centro,532,609,40.24
2023-12-31,SKU_A,Lácteos,CEDIS_Centro,503,569,57.33
2024-01-07,SKU_A,Lácteos,CEDIS_Centro,468,526,55.17
2024-01-14,SKU_A,Lácteos,CEDIS_Centro,520,617,31.4
2024-01-21,SKU_A,Lácteos,CEDIS_Centro,485,591,53.35
2024-01-28,SKU_A,Lácteos,CEDIS_Centro,534,674,32.1
2024-02-04,SKU_A,Lácteos,CEDIS_Centro,548,681,41.16
2024-02-11,SKU_A,Lácteos,CEDIS_Centro,504,639,52.68
2024-02-18,SKU_A,Lácteos,CEDIS_Centro,552,640,57.27
2024-02-25,SKU_A,Lácteos,CEDIS_Centro,542,605,57.56
2024-03-03,SKU_A,Lácteos,CEDIS_Centro,556,623,30.58
2024-03-10,SKU_A,Lácteos,CEDIS_Centro,585,648,49.7
2024-03-17,SKU_A,Lácteos,CEDIS_Centro,533,602,30.89
2024-03-24,SKU_A,Lácteos,CEDIS_Centro,521,648,28.43
2024-03-31,SKU_A,Lácteos,CEDIS_Centro,518,611,28.14
2024-04-07,SKU_A,Lácteos,CEDIS_Centro,520,651,54.12
2024-04-14,SKU_A,Lácteos,CEDIS_Centro,537,651,39.54
2024-04-21,SKU_A,Lácteos,CEDIS_Centro,546,602,23.69
2024-04-28,SKU_A,Lácteos,CEDIS_Centro,542,646,53.17
2024-05-05,SKU_A,Lácteos,CEDIS_Centro,553,608,20.14
2024-05-12,SKU_A,Lácteos,CEDIS_Centro,529,677,25.23
2024-05-19,SKU_A,Lácteos,CEDIS_Centro,561,644,26.46
2024-05-26,SKU_A,Lácteos,CEDIS_Centro,513,619,42.07
2024-06-02,SKU_A,Lácteos,CEDIS_Centro,583,687,42.44
2024-06-09,SKU_A,Lácteos,CEDIS_Centro,525,589,23.01
2024-06-16,SKU_A,Lácteos,CEDIS_Centro,482,620,56.16
2024-06-23,SKU_A,Lácteos,CEDIS_Centro,471,590,21.44
2024-06-30,SKU_A,Lácteos,CEDIS_Centro,504,601,43.3
2024-07-07,SKU_A,Lácteos,CEDIS_Centro,480,548,37.19
2024-07-14,SKU_A,Lácteos,CEDIS_Centro,498,553,32.33
2024-07-21,SKU_A,Lácteos,CEDIS_Centro,486,541,55.96
2024-07-28,SKU_A,Lácteos,CEDIS_Centro,467,543,47.28
2024-08-04,SKU_A,Lácteos,CEDIS_Centro,443,578,24.11
2024-08-11,SKU_A,Lácteos,CEDIS_Centro,421,570,42.4
2024-08-18,SKU_A,Lácteos,CEDIS_Centro,444,546,58.95
2024-08-25,SKU_A,Lácteos,CEDIS_Centro,473,618,26.18
2024-09-01,SKU_A,Lácteos,CEDIS_Centro,454,534,54.58
2024-09-08,SKU_A,Lácteos,CEDIS_Centro,415,487,55.26
2024-09-15,SKU_A,Lácteos,CEDIS_Centro,448,501,27.17
2024-09-22,SKU_A,Lácteos,CEDIS_Centro,452,544,51.3
2024-09-29,SKU_A,Lácteos,CEDIS_Centro,420,522,52.09
2024-10-06,SKU_A,Lácteos,CEDIS_Centro,446,590,52.43
2024-10-13,SKU_A,Lácteos,CEDIS_Centro,445,529,26.37
2024-10-20,SKU_A,Lácteos,CEDIS_Centro,417,556,24.32
2024-10-27,SKU_A,Lácteos,CEDIS_Centro,457,511,54.34
2024-11-03,SKU_A,Lácteos,CEDIS_Centro,465,543,27.98
2024-11-10,SKU_A,Lácteos,CEDIS_Centro,481,589,33.99
2024-11-17,SKU_A,Lácteos,CEDIS_Centro,485,564,28.92
2024-11-24,SKU_A,Lácteos,CEDIS_Centro,428,562,27.73
2024-12-01,SKU_A,Lácteos,CEDIS_Centro,445,537,31.14
2024-12-08,SKU_A,Lácteos,CEDIS_Centro,486,544,58.68
2024-12-15,SKU_A,Lácteos,CEDIS_Centro,492,577,34.05
2024-12-22,SKU_A,Lácteos,CEDIS_Centro,498,613,35.99
2024-12-29,SKU_A,Lácteos,CEDIS_Centro,587,705,33.25
2023-01-01,SKU_A,Lácteos,CEDIS_Sur,228,292,55.08
2023-01-08,SKU_A,Lácteos,CEDIS_Sur,245,328,27.14
2023-01-15,SKU_A,Lácteos,CEDIS_Sur,243,326,21.53
2023-01-22,SKU_A,Lácteos,CEDIS_Sur,238,364,37.38
2023-01-29,SKU_A,Lácteos,CEDIS_Sur,216,359,51.46
2023-02-05,SKU_A,Lácteos,CEDIS_Sur,245,350,44.25
2023-02-12,SKU_A,Lácteos,CEDIS_Sur,209,324,24.63
2023-02-19,SKU_A,Lácteos,CEDIS_Sur,224,347,27.6
2023-02-26,SKU_A,Lácteos,CEDIS_Sur,219,274,48.35
2023-03-05,SKU_A,Lácteos,CEDIS_Sur,235,285,40.8
2023-03-12,SKU_A,Lácteos,CEDIS_Sur,291,409,47.47
2023-03-19,SKU_A,Lácteos,CEDIS_Sur,188,332,49.48
2023-03-26,SKU_A,Lácteos,CEDIS_Sur,252,327,34.57
2023-04-02,SKU_A,Lácteos,CEDIS_Sur,195,253,57.95
2023-04-09,SKU_A,Lácteos,CEDIS_Sur,223,315,44.93
2023-04-16,SKU_A,Lácteos,CEDIS_Sur,261,395,53.92
2023-04-23,SKU_A,Lácteos,CEDIS_Sur,235,377,56.0
2023-04-30,SKU_A,Lácteos,CEDIS_Sur,205,319,32.37
2023-05-07,SKU_A,Lácteos,CEDIS_Sur,213,315,33.05
2023-05-14,SKU_A,Lácteos,CEDIS_Sur,246,385,31.83
2023-05-21,SKU_A,Lácteos,CEDIS_Sur,209,275,27.67
2023-05-28,SKU_A,Lácteos,CEDIS_Sur,231,366,57.61
2023-06-04,SKU_A,Lácteos,CEDIS_Sur,224,360,49.93
2023-06-11,SKU_A,Lácteos,CEDIS_Sur,205,277,44.62
2023-06-18,SKU_A,Lácteos,CEDIS_Sur,272,360,36.24
2023-06-25,SKU_A,Lácteos,CEDIS_Sur,232,282,32.15
2023-07-02,SKU_A,Lácteos,CEDIS_Sur,163,239,37.2
2023-07-09,SKU_A,Lácteos,CEDIS_Sur,215,339,44.27
2023-07-16,SKU_A,Lácteos,CEDIS_Sur,192,283,38.6
2023-07-23,SKU_A,Lácteos,CEDIS_Sur,227,333,47.03
2023-07-30,SKU_A,Lácteos,CEDIS_Sur,184,299,38.93
2023-08-06,SKU_A,Lácteos,CEDIS_Sur,198,342,26.79
2023-08-13,SKU_A,Lácteos,CEDIS_Sur,212,272,31.35
2023-08-20,SKU_A,Lácteos,CEDIS_Sur,219,353,45.32
2023-08-27,SKU_A,Lácteos,CEDIS_Sur,166,258,23.74
2023-09-03,SKU_A,Lácteos,CEDIS_Sur,186,332,29.39
2023-09-10,SKU_A,Lácteos,CEDIS_Sur,182,271,28.99
2023-09-17,SKU_A,Lácteos,CEDIS_Sur,176,251,25.89
2023-09-24,SKU_A,Lácteos,CEDIS_Sur,236,291,29.79
2023-10-01,SKU_A,Lácteos,CEDIS_Sur,202,312,44.45
2023-10-08,SKU_A,Lácteos,CEDIS_Sur,161,309,22.91
2023-10-15,SKU_A,Lácteos,CEDIS_Sur,216,319,55.45
2023-10-22,SKU_A,Lácteos,CEDIS_Sur,247,370,27.78
2023-10-29,SKU_A,Lácteos,CEDIS_Sur,220,359,35.36
2023-11-05,SKU_A,Lácteos,CEDIS_Sur,158,259,29.76
2023-11-12,SKU_A,Lácteos,CEDIS_Sur,185,318,47.5
2023-11-19,SKU_A,Lácteos,CEDIS_Sur,231,377,54.42
2023-11-26,SKU_A,Lácteos,CEDIS_Sur,184,247,51.14
2023-12-03,SKU_A,Lácteos,CEDIS_Sur,215,293,27.04
2023-12-10,SKU_A,Lácteos,CEDIS_Sur,225,364,40.72
2023-12-17,SKU_A,Lácteos,CEDIS_Sur,185,241,42.3
2023-12-24,SKU_A,Lácteos,CEDIS_Sur,209,274,38.26
2023-12-31,SKU_A,Lácteos,CEDIS_Sur,132,241,46.7
2024-01-07,SKU_A,Lácteos,CEDIS_Sur,190,311,43.82
2024-01-14,SKU_A,Lácteos,CEDIS_Sur,212,358,55.66
2024-01-21,SKU_A,Lácteos,CEDIS_Sur,190,318,52.6
2024-01-28,SKU_A,Lácteos,CEDIS_Sur,264,378,37.07
2024-02-04,SKU_A,Lácteos,CEDIS_Sur,190,310,37.84
2024-02-11,SKU_A,Lácteos,CEDIS_Sur,217,287,49.75
2024-02-18,SKU_A,Lácteos,CEDIS_Sur,233,343,38.0
2024-02-25,SKU_A,Lácteos,CEDIS_Sur,267,413,29.89
2024-03-03,SKU_A,Lácteos,CEDIS_Sur,197,328,31.09
2024-03-10,SKU_A,Lácteos,CEDIS_Sur,263,412,40.85
2024-03-17,SKU_A,Lácteos,CEDIS_Sur,235,365,29.57
2024-03-24,SKU_A,Lácteos,CEDIS_Sur,210,316,23.1
2024-03-31,SKU_A,Lácteos,CEDIS_Sur,246,332,29.38
2024-04-07,SKU_A,Lácteos,CEDIS_Sur,240,332,32.79
2024-04-14,SKU_A,Lácteos,CEDIS_Sur,219,338,23.22
2024-04-21,SKU_A,Lácteos,CEDIS_Sur,235,304,29.25
2024-04-28,SKU_A,Lácteos,CEDIS_Sur,223,361,26.11
2024-05-05,SKU_A,Lácteos,CEDIS_Sur,234,311,22.57
2024-05-12,SKU_A,Lácteos,CEDIS_Sur,246,348,33.24
2024-05-19,SKU_A,Lácteos,CEDIS_Sur,267,376,36.63
2024-05-26,SKU_A,Lácteos,CEDIS_Sur,195,271,53.32
2024-06-02,SKU_A,Lácteos,CEDIS_Sur,277,376,56.19
2024-06-09,SKU_A,Lácteos,CEDIS_Sur,172,296,57.84
2024-06-16,SKU_A,Lácteos,CEDIS_Sur,215,267,54.27
2024-06-23,SKU_A,Lácteos,CEDIS_Sur,231,378,43.03
2024-06-30,SKU_A,Lácteos,CEDIS_Sur,221,332,20.24
2024-07-07,SKU_A,Lácteos,CEDIS_Sur,196,291,31.94
2024-07-14,SKU_A,Lácteos,CEDIS_Sur,203,302,54.14
2024-07-21,SKU_A,Lácteos,CEDIS_Sur,194,297,41.53
2024-07-28,SKU_A,Lácteos,CEDIS_Sur,189,333,41.85
2024-08-04,SKU_A,Lácteos,CEDIS_Sur,223,350,55.91
2024-08-11,SKU_A,Lácteos,CEDIS_Sur,208,320,28.78
2024-08-18,SKU_A,Lácteos,CEDIS_Sur,180,285,39.43
2024-08-25,SKU_A,Lácteos,CEDIS_Sur,219,318,33.45
2024-09-01,SKU_A,Lácteos,CEDIS_Sur,202,338,51.93
2024-09-08,SKU_A,Lácteos,CEDIS_Sur,214,356,26.6
2024-09-15,SKU_A,Lácteos,CEDIS_Sur,209,318,56.78
2024-09-22,SKU_A,Lácteos,CEDIS_Sur,172,301,41.36
2024-09-29,SKU_A,Lácteos,CEDIS_Sur,178,278,43.68
2024-10-06,SKU_A,Lácteos,CEDIS_Sur,211,345,21.08
2024-10-13,SKU_A,Lácteos,CEDIS_Sur,208,340,37.14
2024-10-20,SKU_A,Lácteos,CEDIS_Sur,193,302,27.27
2024-10-27,SKU_A,Lácteos,CEDIS_Sur,197,280,35.16
2024-11-03,SKU_A,Lácteos,CEDIS_Sur,228,305,38.19
2024-11-10,SKU_A,Lácteos,CEDIS_Sur,182,275,50.45
2024-11-17,SKU_A,Lácteos,CEDIS_Sur,213,311,31.13
2024-11-24,SKU_A,Lácteos,CEDIS_Sur,196,299,30.09
2024-12-01,SKU_A,Lácteos,CEDIS_Sur,198,258,38.81
2024-12-08,SKU_A,Lácteos,CEDIS_Sur,233,378,41.58
2024-12-15,SKU_A,Lácteos,CEDIS_Sur,229,323,28.97
2024-12-22,SKU_A,Lácteos,CEDIS_Sur,231,289,51.25
2024-12-29,SKU_A,Lácteos,CEDIS_Sur,246,379,21.61
2023-01-01,SKU_B,Botanas,CEDIS_Norte,215,296,27.97
2023-01-08,SKU_B,Botanas,CEDIS_Norte,235,287,44.85
2023-01-15,SKU_B,Botanas,CEDIS_Norte,212,292,25.05
2023-01-22,SKU_B,Botanas,CEDIS_Norte,231,366,24.58
2023-01-29,SKU_B,Botanas,CEDIS_Norte,222,299,38.6
2023-02-05,SKU_B,Botanas,CEDIS_Norte,229,311,50.68
2023-02-12,SKU_B,Botanas,CEDIS_Norte,244,315,44.24
2023-02-19,SKU_B,Botanas,CEDIS_Norte,210,355,48.73
2023-02-26,SKU_B,Botanas,CEDIS_Norte,285,434,52.77
2023-03-05,SKU_B,Botanas,CEDIS_Norte,209,298,24.32
2023-03-12,SKU_B,Botanas,CEDIS_Norte,204,257,57.16
2023-03-19,SKU_B,Botanas,CEDIS_Norte,264,387,47.09
2023-03-26,SKU_B,Botanas,CEDIS_Norte,256,354,35.87
2023-04-02,SKU_B,Botanas,CEDIS_Norte,252,393,27.93
2023-04-09,SKU_B,Botanas,CEDIS_Norte,252,377,47.62
2023-04-16,SKU_B,Botanas,CEDIS_Norte,235,365,29.71
2023-04-23,SKU_B,Botanas,CEDIS_Norte,212,351,50.9
2023-04-30,SKU_B,Botanas,CEDIS_Norte,235,372,44.02
2023-05-07,SKU_B,Botanas,CEDIS_Norte,215,280,51.85
2023-05-14,SKU_B,Botanas,CEDIS_Norte,255,377,51.31
2023-05-21,SKU_B,Botanas,CEDIS_Norte,225,319,41.31
2023-05-28,SKU_B,Botanas,CEDIS_Norte,206,340,34.82
2023-06-04,SKU_B,Botanas,CEDIS_Norte,216,330,45.9
2023-06-11,SKU_B,Botanas,CEDIS_Norte,232,283,53.98
2023-06-18,SKU_B,Botanas,CEDIS_Norte,205,317,24.22
2023-06-25,SKU_B,Botanas,CEDIS_Norte,196,292,45.42
2023-07-02,SKU_B,Botanas,CEDIS_Norte,220,328,48.29
2023-07-09,SKU_B,Botanas,CEDIS_Norte,218,323,27.05
2023-07-16,SKU_B,Botanas,CEDIS_Norte,197,313,58.62
2023-07-23,SKU_B,Botanas,CEDIS_Norte,195,279,44.64
2023-07-30,SKU_B,Botanas,CEDIS_Norte,210,328,50.99
2023-08-06,SKU_B,Botanas,CEDIS_Norte,166,275,37.42
2023-08-13,SKU_B,Botanas,CEDIS_Norte,165,308,43.7
2023-08-20,SKU_B,Botanas,CEDIS_Norte,180,271,54.07
2023-08-27,SKU_B,Botanas,CEDIS_Norte,191,252,31.16
2023-09-03,SKU_B,Botanas,CEDIS_Norte,203,310,29.75
2023-09-10,SKU_B,Botanas,CEDIS_Norte,231,340,42.79
2023-09-17,SKU_B,Botanas,CEDIS_Norte,215,350,35.16
2023-09-24,SKU_B,Botanas,CEDIS_Norte,189,242,39.77
2023-10-01,SKU_B,Botanas,CEDIS_Norte,193,284,27.27
2023-10-08,SKU_B,Botanas,CEDIS_Norte,168,245,34.19
2023-10-15,SKU_B,Botanas,CEDIS_Norte,193,276,33.61
2023-10-22,SKU_B,Botanas,CEDIS_Norte,187,313,48.05
2023-10-29,SKU_B,Botanas,CEDIS_Norte,204,289,42.23
2023-11-05,SKU_B,Botanas,CEDIS_Norte,176,292,57.92
2023-11-12,SKU_B,Botanas,CEDIS_Norte,211,271,29.65
2023-11-19,SKU_B,Botanas,CEDIS_Norte,239,341,39.54
2023-11-26,SKU_B,Botanas,CEDIS_Norte,200,347,29.61
2023-12-03,SKU_B,Botanas,CEDIS_Norte,215,325,45.84
2023-12-10,SKU_B,Botanas,CEDIS_Norte,224,336,37.93
2023-12-17,SKU_B,Botanas,CEDIS_Norte,199,251,23.72
2023-12-24,SKU_B,Botanas,CEDIS_Norte,218,296,36.18
2023-12-31,SKU_B,Botanas,CEDIS_Norte,215,296,32.25
2024-01-07,SKU_B,Botanas,CEDIS_Norte,220,344,34.76
2024-01-14,SKU_B,Botanas,CEDIS_Norte,200,320,41.24
2024-01-21,SKU_B,Botanas,CEDIS_Norte,223,327,59.87
2024-01-28,SKU_B,Botanas,CEDIS_Norte,237,357,33.23
2024-02-04,SKU_B,Botanas,CEDIS_Norte,263,402,38.15
2024-02-11,SKU_B,Botanas,CEDIS_Norte,253,342,30.06
2024-02-18,SKU_B,Botanas,CEDIS_Norte,284,349,48.85
2024-02-25,SKU_B,Botanas,CEDIS_Norte,213,303,24.78
2024-03-03,SKU_B,Botanas,CEDIS_Norte,255,373,58.04
2024-03-10,SKU_B,Botanas,CEDIS_Norte,239,377,27.41
2024-03-17,SKU_B,Botanas,CEDIS_Norte,290,367,49.54
2024-03-24,SKU_B,Botanas,CEDIS_Norte,216,301,48.98
2024-03-31,SKU_B,Botanas,CEDIS_Norte,215,362,40.99
2024-04-07,SKU_B,Botanas,CEDIS_Norte,221,307,59.22
2024-04-14,SKU_B,Botanas,CEDIS_Norte,182,256,31.85
2024-04-21,SKU_B,Botanas,CEDIS_Norte,221,317,27.18
2024-04-28,SKU_B,Botanas,CEDIS_Norte,215,266,48.32
2024-05-05,SKU_B,Botanas,CEDIS_Norte,236,302,30.97
2024-05-12,SKU_B,Botanas,CEDIS_Norte,239,295,42.13
2024-05-19,SKU_B,Botanas,CEDIS_Norte,276,415,57.76
2024-05-26,SKU_B,Botanas,CEDIS_Norte,251,382,54.74
2024-06-02,SKU_B,Botanas,CEDIS_Norte,210,322,24.1
2024-06-09,SKU_B,Botanas,CEDIS_Norte,200,251,42.96
2024-06-16,SKU_B,Botanas,CEDIS_Norte,232,342,39.15
2024-06-23,SKU_B,Botanas,CEDIS_Norte,184,277,27.37
2024-06-30,SKU_B,Botanas,CEDIS_Norte,260,316,30.1
2024-07-07,SKU_B,Botanas,CEDIS_Norte,242,353,24.56
2024-07-14,SKU_B,Botanas,CEDIS_Norte,198,256,36.03
2024-07-21,SKU_B,Botanas,CEDIS_Norte,164,223,43.08
2024-07-28,SKU_B,Botanas,CEDIS_Norte,239,376,22.14
2024-08-04,SKU_B,Botanas,CEDIS_Norte,200,269,52.45
2024-08-11,SKU_B,Botanas,CEDIS_Norte,231,319,23.41
2024-08-18,SKU_B,Botanas,CEDIS_Norte,159,240,24.74
2024-08-25,SKU_B,Botanas,CEDIS_Norte,182,329,36.65
2024-09-01,SKU_B,Botanas,CEDIS_Norte,196,322,51.63
2024-09-08,SKU_B,Botanas,CEDIS_Norte,196,274,51.03
2024-09-15,SKU_B,Botanas,CEDIS_Norte,182,280,38.02
2024-09-22,SKU_B,Botanas,CEDIS_Norte,209,315,31.89
2024-09-29,SKU_B,Botanas,CEDIS_Norte,166,291,59.6
2024-10-06,SKU_B,Botanas,CEDIS_Norte,190,279,42.75
2024-10-13,SKU_B,Botanas,CEDIS_Norte,197,254,44.39
2024-10-20,SKU_B,Botanas,CEDIS_Norte,207,351,23.97
2024-10-27,SKU_B,Botanas,CEDIS_Norte,213,360,28.31
2024-11-03,SKU_B,Botanas,CEDIS_Norte,169,246,30.59
2024-11-10,SKU_B,Botanas,CEDIS_Norte,160,220,26.28
2024-11-17,SKU_B,Botanas,CEDIS_Norte,232,304,42.08
2024-11-24,SKU_B,Botanas,CEDIS_Norte,210,280,20.11
2024-12-01,SKU_B,Botanas,CEDIS_Norte,185,292,47.57
2024-12-08,SKU_B,Botanas,CEDIS_Norte,245,355,31.65
2024-12-15,SKU_B,Botanas,CEDIS_Norte,212,291,31.52
2024-12-22,SKU_B,Botanas,CEDIS_Norte,241,327,48.12
2024-12-29,SKU_B,Botanas,CEDIS_Norte,216,324,22.85
2023-01-01,SKU_B,Botanas,CEDIS_Centro,371,454,51.51
2023-01-08,SKU_B,Botanas,CEDIS_Centro,367,497,43.59
2023-01-15,SKU_B,Botanas,CEDIS_Centro,320,395,37.01
2023-01-22,SKU_B,Botanas,CEDIS_Centro,355,474,28.99
2023-01-29,SKU_B,Botanas,CEDIS_Centro,350,419,56.34
2023-02-05,SKU_B,Botanas,CEDIS_Centro,371,439,22.86
2023-02-12,SKU_B,Botanas,CEDIS_Centro,316,387,51.71
2023-02-19,SKU_B,Botanas,CEDIS_Centro,360,486,49.96
2023-02-26,SKU_B,Botanas,CEDIS_Centro,371,493,56.85
2023-03-05,SKU_B,Botanas,CEDIS_Centro,303,409,24.97
2023-03-12,SKU_B,Botanas,CEDIS_Centro,319,457,32.16
2023-03-19,SKU_B,Botanas,CEDIS_Centro,299,400,57.71
2023-03-26,SKU_B,Botanas,CEDIS_Centro,343,457,41.6
2023-04-02,SKU_B,Botanas,CEDIS_Centro,368,474,23.22
2023-04-09,SKU_B,Botanas,CEDIS_Centro,388,443,55.58
2023-04-16,SKU_B,Botanas,CEDIS_Centro,351,495,32.89
2023-04-23,SKU_B,Botanas,CEDIS_Centro,389,471,21.03
2023-04-30,SKU_B,Botanas,CEDIS_Centro,312,391,58.48
2023-05-07,SKU_B,Botanas,CEDIS_Centro,302,425,43.48
2023-05-14,SKU_B,Botanas,CEDIS_Centro,341,393,59.98
2023-05-21,SKU_B,Botanas,CEDIS_Centro,349,485,52.86
2023-05-28,SKU_B,Botanas,CEDIS_Centro,336,459,21.61
2023-06-04,SKU_B,Botanas,CEDIS_Centro,281,427,27.01
2023-06-11,SKU_B,Botanas,CEDIS_Centro,327,443,46.06
2023-06-18,SKU_B,Botanas,CEDIS_Centro,293,378,27.26
2023-06-25,SKU_B,Botanas,CEDIS_Centro,339,463,37.44
2023-07-02,SKU_B,Botanas,CEDIS_Centro,327,439,58.76
2023-07-09,SKU_B,Botanas,CEDIS_Centro,291,401,33.92
2023-07-16,SKU_B,Botanas,CEDIS_Centro,298,390,32.84
2023-07-23,SKU_B,Botanas,CEDIS_Centro,280,343,54.31
2023-07-30,SKU_B,Botanas,CEDIS_Centro,302,394,36.47
2023-08-06,SKU_B,Botanas,CEDIS_Centro,324,437,31.53
2023-08-13,SKU_B,Botanas,CEDIS_Centro,273,374,52.54
2023-08-20,SKU_B,Botanas,CEDIS_Centro,307,427,21.47
2023-08-27,SKU_B,Botanas,CEDIS_Centro,279,340,32.58
2023-09-03,SKU_B,Botanas,CEDIS_Centro,270,361,24.64
2023-09-10,SKU_B,Botanas,CEDIS_Centro,286,434,36.17
2023-09-17,SKU_B,Botanas,CEDIS_Centro,262,377,53.0
2023-09-24,SKU_B,Botanas,CEDIS_Centro,273,323,46.31
2023-10-01,SKU_B,Botanas,CEDIS_Centro,257,376,38.48
2023-10-08,SKU_B,Botanas,CEDIS_Centro,336,392,27.5
2023-10-15,SKU_B,Botanas,CEDIS_Centro,288,384,44.91
2023-10-22,SKU_B,Botanas,CEDIS_Centro,271,384,45.02
2023-10-29,SKU_B,Botanas,CEDIS_Centro,296,443,22.06
2023-11-05,SKU_B,Botanas,CEDIS_Centro,289,373,41.97
2023-11-12,SKU_B,Botanas,CEDIS_Centro,289,375,37.52
2023-11-19,SKU_B,Botanas,CEDIS_Centro,313,452,39.39
2023-11-26,SKU_B,Botanas,CEDIS_Centro,319,372,58.93
2023-12-03,SKU_B,Botanas,CEDIS_Centro,290,417,51.97
2023-12-10,SKU_B,Botanas,CEDIS_Centro,293,433,26.34
2023-12-17,SKU_B,Botanas,CEDIS_Centro,304,424,20.55
2023-12-24,SKU_B,Botanas,CEDIS_Centro,257,359,23.73
2023-12-31,SKU_B,Botanas,CEDIS_Centro,281,345,38.46
2024-01-07,SKU_B,Botanas,CEDIS_Centro,357,422,45.91
2024-01-14,SKU_B,Botanas,CEDIS_Centro,367,436,39.94
2024-01-21,SKU_B,Botanas,CEDIS_Centro,324,465,31.67
2024-01-28,SKU_B,Botanas,CEDIS_Centro,348,488,30.94
2024-02-04,SKU_B,Botanas,CEDIS_Centro,344,455,59.21
2024-02-11,SKU_B,Botanas,CEDIS_Centro,417,498,38.27
2024-02-18,SKU_B,Botanas,CEDIS_Centro,370,438,35.34
2024-02-25,SKU_B,Botanas,CEDIS_Centro,342,468,40.33
2024-03-03,SKU_B,Botanas,CEDIS_Centro,323,390,54.56
2024-03-10,SKU_B,Botanas,CEDIS_Centro,308,393,50.91
2024-03-17,SKU_B,Botanas,CEDIS_Centro,355,458,33.6
2024-03-24,SKU_B,Botanas,CEDIS_Centro,331,481,40.31
2024-03-31,SKU_B,Botanas,CEDIS_Centro,315,365,31.31
2024-04-07,SKU_B,Botanas,CEDIS_Centro,334,422,53.5
2024-04-14,SKU_B,Botanas,CEDIS_Centro,322,446,59.96
2024-04-21,SKU_B,Botanas,CEDIS_Centro,391,503,54.61
2024-04-28,SKU_B,Botanas,CEDIS_Centro,369,476,41.54
2024-05-05,SKU_B,Botanas,CEDIS_Centro,345,439,33.3
2024-05-12,SKU_B,Botanas,CEDIS_Centro,380,527,41.74
2024-05-19,SKU_B,Botanas,CEDIS_Centro,342,450,57.31
2024-05-26,SKU_B,Botanas,CEDIS_Centro,315,389,59.23
2024-06-02,SKU_B,Botanas,CEDIS_Centro,372,452,42.87
2024-06-09,SKU_B,Botanas,CEDIS_Centro,344,423,54.24
2024-06-16,SKU_B,Botanas,CEDIS_Centro,300,402,21.75
2024-06-23,SKU_B,Botanas,CEDIS_Centro,318,463,38.92
2024-06-30,SKU_B,Botanas,CEDIS_Centro,297,395,35.44
2024-07-07,SKU_B,Botanas,CEDIS_Centro,280,414,51.7
2024-07-14,SKU_B,Botanas,CEDIS_Centro,334,467,59.23
2024-07-21,SKU_B,Botanas,CEDIS_Centro,355,468,58.59
2024-07-28,SKU_B,Botanas,CEDIS_Centro,269,335,40.09
2024-08-04,SKU_B,Botanas,CEDIS_Centro,315,440,33.28
2024-08-11,SKU_B,Botanas,CEDIS_Centro,281,343,54.97
2024-08-18,SKU_B,Botanas,CEDIS_Centro,283,389,23.99
2024-08-25,SKU_B,Botanas,CEDIS_Centro,278,386,20.61
2024-09-01,SKU_B,Botanas,CEDIS_Centro,269,337,36.4
2024-09-08,SKU_B,Botanas,CEDIS_Centro,290,423,58.8
2024-09-15,SKU_B,Botanas,CEDIS_Centro,267,326,38.78
2024-09-22,SKU_B,Botanas,CEDIS_Centro,294,377,33.54
2024-09-29,SKU_B,Botanas,CEDIS_Centro,285,423,35.9
2024-10-06,SKU_B,Botanas,CEDIS_Centro,281,341,54.07
2024-10-13,SKU_B,Botanas,CEDIS_Centro,265,401,54.37
2024-10-20,SKU_B,Botanas,CEDIS_Centro,274,372,58.17
2024-10-27,SKU_B,Botanas,CEDIS_Centro,309,439,48.75
2024-11-03,SKU_B,Botanas,CEDIS_Centro,305,452,39.52
2024-11-10,SKU_B,Botanas,CEDIS_Centro,270,389,21.44
2024-11-17,SKU_B,Botanas,CEDIS_Centro,299,357,29.39
2024-11-24,SKU_B,Botanas,CEDIS_Centro,319,456,56.84
2024-12-01,SKU_B,Botanas,CEDIS_Centro,261,340,49.87
2024-12-08,SKU_B,Botanas,CEDIS_Centro,320,425,59.13
2024-12-15,SKU_B,Botanas,CEDIS_Centro,294,441,45.35
2024-12-22,SKU_B,Botanas,CEDIS_Centro,328,390,37.75
2024-12-29,SKU_B,Botanas,CEDIS_Centro,299,437,31.98
2023-01-01,SKU_B,Botanas,CEDIS_Sur,169,224,32.97
2023-01-08,SKU_B,Botanas,CEDIS_Sur,176,233,31.73
2023-01-15,SKU_B,Botanas,CEDIS_Sur,220,317,37.23
2023-01-22,SKU_B,Botanas,CEDIS_Sur,228,309,41.25
2023-01-29,SKU_B,Botanas,CEDIS_Sur,201,323,47.27
2023-02-05,SKU_B,Botanas,CEDIS_Sur,242,315,26.8
2023-02-12,SKU_B,Botanas,CEDIS_Sur,186,246,44.38
2023-02-19,SKU_B,Botanas,CEDIS_Sur,228,326,44.79
2023-02-26,SKU_B,Botanas,CEDIS_Sur,201,281,39.91
2023-03-05,SKU_B,Botanas,CEDIS_Sur,216,340,25.72
2023-03-12,SKU_B,Botanas,CEDIS_Sur,235,344,45.52
2023-03-19,SKU_B,Botanas,CEDIS_Sur,213,321,30.21
2023-03-26,SKU_B,Botanas,CEDIS_Sur,225,276,55.96
2023-04-02,SKU_B,Botanas,CEDIS_Sur,260,369,56.05
2023-04-09,SKU_B,Botanas,CEDIS_Sur,220,356,41.86
2023-04-16,SKU_B,Botanas,CEDIS_Sur,255,314,37.67
2023-04-23,SKU_B,Botanas,CEDIS_Sur,205,299,59.51
2023-04-30,SKU_B,Botanas,CEDIS_Sur,246,334,45.56
2023-05-07,SKU_B,Botanas,CEDIS_Sur,267,371,47.61
2023-05-14,SKU_B,Botanas,CEDIS_Sur,168,276,53.81
2023-05-21,SKU_B,Botanas,CEDIS_Sur,208,283,59.97
2023-05-28,SKU_B,Botanas,CEDIS_Sur,240,351,24.27
2023-06-04,SKU_B,Botanas,CEDIS_Sur,218,316,42.88
2023-06-11,SKU_B,Botanas,CEDIS_Sur,230,353,31.83
2023-06-18,SKU_B,Botanas,CEDIS_Sur,203,342,31.81
2023-06-25,SKU_B,Botanas,CEDIS_Sur,218,352,35.83
2023-07-02,SKU_B,Botanas,CEDIS_Sur,209,260,42.64
2023-07-09,SKU_B,Botanas,CEDIS_Sur,240,377,51.13
2023-07-16,SKU_B,Botanas,CEDIS_Sur,215,271,56.42
2023-07-23,SKU_B,Botanas,CEDIS_Sur,214,359,39.87
2023-07-30,SKU_B,Botanas,CEDIS_Sur,193,279,51.03
2023-08-06,SKU_B,Botanas,CEDIS_Sur,189,268,44.28
2023-08-13,SKU_B,Botanas,CEDIS_Sur,188,283,28.76
2023-08-20,SKU_B,Botanas,CEDIS_Sur,207,281,44.84
2023-08-27,SKU_B,Botanas,CEDIS_Sur,185,321,50.22
2023-09-03,SKU_B,Botanas,CEDIS_Sur,202,350,46.37
2023-09-10,SKU_B,Botanas,CEDIS_Sur,245,312,45.13
2023-09-17,SKU_B,Botanas,CEDIS_Sur,214,344,45.85
2023-09-24,SKU_B,Botanas,CEDIS_Sur,184,273,51.54
2023-10-01,SKU_B,Botanas,CEDIS_Sur,222,276,43.18
2023-10-08,SKU_B,Botanas,CEDIS_Sur,182,325,25.26
2023-10-15,SKU_B,Botanas,CEDIS_Sur,142,229,33.07
2023-10-22,SKU_B,Botanas,CEDIS_Sur,168,271,27.03
2023-10-29,SKU_B,Botanas,CEDIS_Sur,148,214,51.46
2023-11-05,SKU_B,Botanas,CEDIS_Sur,187,283,41.23
2023-11-12,SKU_B,Botanas,CEDIS_Sur,198,282,53.22
2023-11-19,SKU_B,Botanas,CEDIS_Sur,241,323,56.56
2023-11-26,SKU_B,Botanas,CEDIS_Sur,210,321,58.7
2023-12-03,SKU_B,Botanas,CEDIS_Sur,198,285,49.86
2023-12-10,SKU_B,Botanas,CEDIS_Sur,227,320,52.17
2023-12-17,SKU_B,Botanas,CEDIS_Sur,153,262,58.52
2023-12-24,SKU_B,Botanas,CEDIS_Sur,217,285,50.17
2023-12-31,SKU_B,Botanas,CEDIS_Sur,233,311,54.41
2024-01-07,SKU_B,Botanas,CEDIS_Sur,179,321,46.98
2024-01-14,SKU_B,Botanas,CEDIS_Sur,247,347,58.69
2024-01-21,SKU_B,Botanas,CEDIS_Sur,230,351,34.63
2024-01-28,SKU_B,Botanas,CEDIS_Sur,213,313,20.56
2024-02-04,SKU_B,Botanas,CEDIS_Sur,241,359,24.94
2024-02-11,SKU_B,Botanas,CEDIS_Sur,284,381,46.91
2024-02-18,SKU_B,Botanas,CEDIS_Sur,234,370,30.49
2024-02-25,SKU_B,Botanas,CEDIS_Sur,237,335,52.9
2024-03-03,SKU_B,Botanas,CEDIS_Sur,221,318,24.33
2024-03-10,SKU_B,Botanas,CEDIS_Sur,212,291,38.86
2024-03-17,SKU_B,Botanas,CEDIS_Sur,255,384,55.37
2024-03-24,SKU_B,Botanas,CEDIS_Sur,213,334,33.12
2024-03-31,SKU_B,Botanas,CEDIS_Sur,237,365,28.85
2024-04-07,SKU_B,Botanas,CEDIS_Sur,223,281,45.42
2024-04-14,SKU_B,Botanas,CEDIS_Sur,246,355,56.38
2024-04-21,SKU_B,Botanas,CEDIS_Sur,242,330,45.97
2024-04-28,SKU_B,Botanas,CEDIS_Sur,258,322,25.59
2024-05-05,SKU_B,Botanas,CEDIS_Sur,218,272,32.17
2024-05-12,SKU_B,Botanas,CEDIS_Sur,223,336,24.64
2024-05-19,SKU_B,Botanas,CEDIS_Sur,203,283,55.49
2024-05-26,SKU_B,Botanas,CEDIS_Sur,215,282,35.55
2024-06-02,SKU_B,Botanas,CEDIS_Sur,233,330,46.82
2024-06-09,SKU_B,Botanas,CEDIS_Sur,240,385,47.86
2024-06-16,SKU_B,Botanas,CEDIS_Sur,196,315,36.77
2024-06-23,SKU_B,Botanas,CEDIS_Sur,238,383,49.06
2024-06-30,SKU_B,Botanas,CEDIS_Sur,248,351,46.2
2024-07-07,SKU_B,Botanas,CEDIS_Sur,221,333,44.63
2024-07-14,SKU_B,Botanas,CEDIS_Sur,255,340,21.31
2024-07-21,SKU_B,Botanas,CEDIS_Sur,187,284,28.69
2024-07-28,SKU_B,Botanas,CEDIS_Sur,173,279,58.02
2024-08-04,SKU_B,Botanas,CEDIS_Sur,157,253,23.97
2024-08-11,SKU_B,Botanas,CEDIS_Sur,237,374,34.69
2024-08-18,SKU_B,Botanas,CEDIS_Sur,214,346,34.35
2024-08-25,SKU_B,Botanas,CEDIS_Sur,195,295,31.04
2024-09-01,SKU_B,Botanas,CEDIS_Sur,202,267,57.96
2024-09-08,SKU_B,Botanas,CEDIS_Sur,165,273,23.67
2024-09-15,SKU_B,Botanas,CEDIS_Sur,254,331,45.67
2024-09-22,SKU_B,Botanas,CEDIS_Sur,196,322,58.84
2024-09-29,SKU_B,Botanas,CEDIS_Sur,195,251,51.47
2024-10-06,SKU_B,Botanas,CEDIS_Sur,210,291,59.55
2024-10-13,SKU_B,Botanas,CEDIS_Sur,205,355,42.58
2024-10-20,SKU_B,Botanas,CEDIS_Sur,199,257,53.19
2024-10-27,SKU_B,Botanas,CEDIS_Sur,175,295,28.29
2024-11-03,SKU_B,Botanas,CEDIS_Sur,207,284,52.52
2024-11-10,SKU_B,Botanas,CEDIS_Sur,244,323,33.14
2024-11-17,SKU_B,Botanas,CEDIS_Sur,233,301,51.55
2024-11-24,SKU_B,Botanas,CEDIS_Sur,241,367,20.11
2024-12-01,SKU_B,Botanas,CEDIS_Sur,190,258,59.5
2024-12-08,SKU_B,Botanas,CEDIS_Sur,181,300,30.03
2024-12-15,SKU_B,Botanas,CEDIS_Sur,205,277,24.4
2024-12-22,SKU_B,Botanas,CEDIS_Sur,212,265,25.27
2024-12-29,SKU_B,Botanas,CEDIS_Sur,240,335,51.6
2023-01-01,SKU_C,Bebidas,CEDIS_Norte,279,404,32.95
2023-01-08,SKU_C,Bebidas,CEDIS_Norte,363,435,30.61
2023-01-15,SKU_C,Bebidas,CEDIS_Norte,325,391,49.67
2023-01-22,SKU_C,Bebidas,CEDIS_Norte,322,439,24.55
2023-01-29,SKU_C,Bebidas,CEDIS_Norte,311,369,39.05
2023-02-05,SKU_C,Bebidas,CEDIS_Norte,298,447,34.48
2023-02-12,SKU_C,Bebidas,CEDIS_Norte,363,488,24.36
2023-02-19,SKU_C,Bebidas,CEDIS_Norte,347,461,28.86
2023-02-26,SKU_C,Bebidas,CEDIS_Norte,315,443,21.73
2023-03-05,SKU_C,Bebidas,CEDIS_Norte,317,467,56.35
2023-03-12,SKU_C,Bebidas,CEDIS_Norte,342,476,40.86
2023-03-19,SKU_C,Bebidas,CEDIS_Norte,393,501,45.73
2023-03-26,SKU_C,Bebidas,CEDIS_Norte,346,399,22.43
2023-04-02,SKU_C,Bebidas,CEDIS_Norte,315,426,53.89
2023-04-09,SKU_C,Bebidas,CEDIS_Norte,346,450,47.44
2023-04-16,SKU_C,Bebidas,CEDIS_Norte,345,457,48.5
2023-04-23,SKU_C,Bebidas,CEDIS_Norte,283,389,22.94
2023-04-30,SKU_C,Bebidas,CEDIS_Norte,347,407,32.88
2023-05-07,SKU_C,Bebidas,CEDIS_Norte,341,409,22.63
2023-05-14,SKU_C,Bebidas,CEDIS_Norte,362,447,44.97
2023-05-21,SKU_C,Bebidas,CEDIS_Norte,388,512,41.93
2023-05-28,SKU_C,Bebidas,CEDIS_Norte,367,458,35.24
2023-06-04,SKU_C,Bebidas,CEDIS_Norte,328,454,41.22
2023-06-11,SKU_C,Bebidas,CEDIS_Norte,304,412,40.22
2023-06-18,SKU_C,Bebidas,CEDIS_Norte,392,497,23.97
2023-06-25,SKU_C,Bebidas,CEDIS_Norte,326,465,24.58
2023-07-02,SKU_C,Bebidas,CEDIS_Norte,321,454,46.04
2023-07-09,SKU_C,Bebidas,CEDIS_Norte,316,464,42.05
2023-07-16,SKU_C,Bebidas,CEDIS_Norte,318,395,37.2
2023-07-23,SKU_C,Bebidas,CEDIS_Norte,305,384,36.55
2023-07-30,SKU_C,Bebidas,CEDIS_Norte,291,399,35.95
2023-08-06,SKU_C,Bebidas,CEDIS_Norte,288,431,23.8
2023-08-13,SKU_C,Bebidas,CEDIS_Norte,298,402,32.5
2023-08-20,SKU_C,Bebidas,CEDIS_Norte,283,365,34.97
2023-08-27,SKU_C,Bebidas,CEDIS_Norte,276,345,47.47
2023-09-03,SKU_C,Bebidas,CEDIS_Norte,295,405,22.69
2023-09-10,SKU_C,Bebidas,CEDIS_Norte,284,344,23.73
2023-09-17,SKU_C,Bebidas,CEDIS_Norte,327,389,49.78
2023-09-24,SKU_C,Bebidas,CEDIS_Norte,222,319,52.47
2023-10-01,SKU_C,Bebidas,CEDIS_Norte,316,437,22.4
2023-10-08,SKU_C,Bebidas,CEDIS_Norte,320,441,42.47
2023-10-15,SKU_C,Bebidas,CEDIS_Norte,238,373,24.89
2023-10-22,SKU_C,Bebidas,CEDIS_Norte,282,377,54.94
2023-10-29,SKU_C,Bebidas,CEDIS_Norte,283,429,36.92
2023-11-05,SKU_C,Bebidas,CEDIS_Norte,259,401,22.06
2023-11-12,SKU_C,Bebidas,CEDIS_Norte,277,363,44.02
2023-11-19,SKU_C,Bebidas,CEDIS_Norte,271,366,24.14
2023-11-26,SKU_C,Bebidas,CEDIS_Norte,346,460,28.51
2023-12-03,SKU_C,Bebidas,CEDIS_Norte,329,463,39.29
2023-12-10,SKU_C,Bebidas,CEDIS_Norte,341,404,34.0
2023-12-17,SKU_C,Bebidas,CEDIS_Norte,331,452,34.7
2023-12-24,SKU_C,Bebidas,CEDIS_Norte,288,435,31.14
2023-12-31,SKU_C,Bebidas,CEDIS_Norte,307,385,52.29
2024-01-07,SKU_C,Bebidas,CEDIS_Norte,337,458,58.98
2024-01-14,SKU_C,Bebidas,CEDIS_Norte,298,427,44.54
2024-01-21,SKU_C,Bebidas,CEDIS_Norte,350,482,42.27
2024-01-28,SKU_C,Bebidas,CEDIS_Norte,329,456,57.16
2024-02-04,SKU_C,Bebidas,CEDIS_Norte,329,467,30.7
2024-02-11,SKU_C,Bebidas,CEDIS_Norte,360,433,30.93
2024-02-18,SKU_C,Bebidas,CEDIS_Norte,356,503,32.36
2024-02-25,SKU_C,Bebidas,CEDIS_Norte,338,431,34.04
2024-03-03,SKU_C,Bebidas,CEDIS_Norte,378,451,54.79
2024-03-10,SKU_C,Bebidas,CEDIS_Norte,323,445,46.29
2024-03-17,SKU_C,Bebidas,CEDIS_Norte,367,425,25.67
2024-03-24,SKU_C,Bebidas,CEDIS_Norte,367,498,58.87
2024-03-31,SKU_C,Bebidas,CEDIS_Norte,345,406,49.84
2024-04-07,SKU_C,Bebidas,CEDIS_Norte,361,438,35.05
2024-04-14,SKU_C,Bebidas,CEDIS_Norte,320,428,33.64
2024-04-21,SKU_C,Bebidas,CEDIS_Norte,374,471,32.47
2024-04-28,SKU_C,Bebidas,CEDIS_Norte,344,435,51.07
2024-05-05,SKU_C,Bebidas,CEDIS_Norte,334,456,43.85
2024-05-12,SKU_C,Bebidas,CEDIS_Norte,371,427,26.22
2024-05-19,SKU_C,Bebidas,CEDIS_Norte,324,470,44.71
2024-05-26,SKU_C,Bebidas,CEDIS_Norte,304,440,23.26
2024-06-02,SKU_C,Bebidas,CEDIS_Norte,297,403,46.48
2024-06-09,SKU_C,Bebidas,CEDIS_Norte,347,459,44.28
2024-06-16,SKU_C,Bebidas,CEDIS_Norte,296,399,30.93
2024-06-23,SKU_C,Bebidas,CEDIS_Norte,369,515,40.49
2024-06-30,SKU_C,Bebidas,CEDIS_Norte,269,363,37.2
2024-07-07,SKU_C,Bebidas,CEDIS_Norte,359,445,47.13
2024-07-14,SKU_C,Bebidas,CEDIS_Norte,318,443,39.47
2024-07-21,SKU_C,Bebidas,CEDIS_Norte,307,442,32.34
2024-07-28,SKU_C,Bebidas,CEDIS_Norte,292,370,35.81
2024-08-04,SKU_C,Bebidas,CEDIS_Norte,313,439,22.19
2024-08-11,SKU_C,Bebidas,CEDIS_Norte,299,375,32.06
2024-08-18,SKU_C,Bebidas,CEDIS_Norte,324,401,50.69
2024-08-25,SKU_C,Bebidas,CEDIS_Norte,297,444,30.22
2024-09-01,SKU_C,Bebidas,CEDIS_Norte,296,387,24.8
2024-09-08,SKU_C,Bebidas,CEDIS_Norte,282,395,49.88
2024-09-15,SKU_C,Bebidas,CEDIS_Norte,288,360,25.17
2024-09-22,SKU_C,Bebidas,CEDIS_Norte,296,414,48.15
2024-09-29,SKU_C,Bebidas,CEDIS_Norte,246,360,42.35
2024-10-06,SKU_C,Bebidas,CEDIS_Norte,255,390,52.25
2024-10-13,SKU_C,Bebidas,CEDIS_Norte,308,367,35.88
2024-10-20,SKU_C,Bebidas,CEDIS_Norte,295,439,21.69
2024-10-27,SKU_C,Bebidas,CEDIS_Norte,287,339,38.39
2024-11-03,SKU_C,Bebidas,CEDIS_Norte,294,353,54.48
2024-11-10,SKU_C,Bebidas,CEDIS_Norte,305,428,37.17
2024-11-17,SKU_C,Bebidas,CEDIS_Norte,285,386,48.38
2024-11-24,SKU_C,Bebidas,CEDIS_Norte,282,385,31.58
2024-12-01,SKU_C,Bebidas,CEDIS_Norte,310,411,20.83
2024-12-08,SKU_C,Bebidas,CEDIS_Norte,284,375,26.87
2024-12-15,SKU_C,Bebidas,CEDIS_Norte,323,452,38.4
2024-12-22,SKU_C,Bebidas,CEDIS_Norte,274,412,56.79
2024-12-29,SKU_C,Bebidas,CEDIS_Norte,346,407,37.47
2023-01-01,SKU_C,Bebidas,CEDIS_Centro,266,347,37.43
2023-01-08,SKU_C,Bebidas,CEDIS_Centro,263,364,40.96
2023-01-15,SKU_C,Bebidas,CEDIS_Centro,285,385,54.82
2023-01-22,SKU_C,Bebidas,CEDIS_Centro,305,450,33.58
2023-01-29,SKU_C,Bebidas,CEDIS_Centro,291,383,51.16
2023-02-05,SKU_C,Bebidas,CEDIS_Centro,222,281,40.42
2023-02-12,SKU_C,Bebidas,CEDIS_Centro,239,303,41.22
2023-02-19,SKU_C,Bebidas,CEDIS_Centro,257,331,56.24
2023-02-26,SKU_C,Bebidas,CEDIS_Centro,275,369,34.04
2023-03-05,SKU_C,Bebidas,CEDIS_Centro,289,421,52.6
2023-03-12,SKU_C,Bebidas,CEDIS_Centro,259,339,24.11
2023-03-19,SKU_C,Bebidas,CEDIS_Centro,283,365,27.89
2023-03-26,SKU_C,Bebidas,CEDIS_Centro,260,387,26.11
2023-04-02,SKU_C,Bebidas,CEDIS_Centro,264,411,46.22
2023-04-09,SKU_C,Bebidas,CEDIS_Centro,244,316,58.05
2023-04-16,SKU_C,Bebidas,CEDIS_Centro,255,385,39.76
2023-04-23,SKU_C,Bebidas,CEDIS_Centro,243,389,42.55
2023-04-30,SKU_C,Bebidas,CEDIS_Centro,251,375,37.96
2023-05-07,SKU_C,Bebidas,CEDIS_Centro,301,423,45.72
2023-05-14,SKU_C,Bebidas,CEDIS_Centro,249,378,32.93
2023-05-21,SKU_C,Bebidas,CEDIS_Centro,336,466,32.65
2023-05-28,SKU_C,Bebidas,CEDIS_Centro,280,386,22.73
2023-06-04,SKU_C,Bebidas,CEDIS_Centro,270,376,45.26
2023-06-11,SKU_C,Bebidas,CEDIS_Centro,241,326,43.66
2023-06-18,SKU_C,Bebidas,CEDIS_Centro,277,372,40.29
2023-06-25,SKU_C,Bebidas,CEDIS_Centro,242,331,38.47
2023-07-02,SKU_C,Bebidas,CEDIS_Centro,256,310,22.28
2023-07-09,SKU_C,Bebidas,CEDIS_Centro,314,400,23.07
2023-07-16,SKU_C,Bebidas,CEDIS_Centro,245,306,44.6
2023-07-23,SKU_C,Bebidas,CEDIS_Centro,273,387,35.38
2023-07-30,SKU_C,Bebidas,CEDIS_Centro,224,348,42.17
2023-08-06,SKU_C,Bebidas,CEDIS_Centro,238,382,55.84
2023-08-13,SKU_C,Bebidas,CEDIS_Centro,281,388,56.36
2023-08-20,SKU_C,Bebidas,CEDIS_Centro,219,342,46.07
2023-08-27,SKU_C,Bebidas,CEDIS_Centro,278,369,44.2
2023-09-03,SKU_C,Bebidas,CEDIS_Centro,249,363,26.03
2023-09-10,SKU_C,Bebidas,CEDIS_Centro,216,273,38.02
2023-09-17,SKU_C,Bebidas,CEDIS_Centro,245,338,59.3
2023-09-24,SKU_C,Bebidas,CEDIS_Centro,253,313,40.18
2023-10-01,SKU_C,Bebidas,CEDIS_Centro,244,316,21.57
2023-10-08,SKU_C,Bebidas,CEDIS_Centro,189,329,37.51
2023-10-15,SKU_C,Bebidas,CEDIS_Centro,211,317,40.96
2023-10-22,SKU_C,Bebidas,CEDIS_Centro,224,352,26.35
2023-10-29,SKU_C,Bebidas,CEDIS_Centro,229,326,56.72
2023-11-05,SKU_C,Bebidas,CEDIS_Centro,248,347,36.35
2023-11-12,SKU_C,Bebidas,CEDIS_Centro,239,332,47.16
2023-11-19,SKU_C,Bebidas,CEDIS_Centro,203,259,51.57
2023-11-26,SKU_C,Bebidas,CEDIS_Centro,249,381,33.39
2023-12-03,SKU_C,Bebidas,CEDIS_Centro,257,349,23.78
2023-12-10,SKU_C,Bebidas,CEDIS_Centro,259,395,35.46
2023-12-17,SKU_C,Bebidas,CEDIS_Centro,274,356,48.95
2023-12-24,SKU_C,Bebidas,CEDIS_Centro,271,405,58.58
2023-12-31,SKU_C,Bebidas,CEDIS_Centro,265,392,54.93
2024-01-07,SKU_C,Bebidas,CEDIS_Centro,255,347,23.26
2024-01-14,SKU_C,Bebidas,CEDIS_Centro,218,352,25.66
2024-01-21,SKU_C,Bebidas,CEDIS_Centro,273,367,32.41
2024-01-28,SKU_C,Bebidas,CEDIS_Centro,270,403,47.94
2024-02-04,SKU_C,Bebidas,CEDIS_Centro,275,375,25.16
2024-02-11,SKU_C,Bebidas,CEDIS_Centro,238,378,57.52
2024-02-18,SKU_C,Bebidas,CEDIS_Centro,245,334,42.36
2024-02-25,SKU_C,Bebidas,CEDIS_Centro,301,433,51.67
2024-03-03,SKU_C,Bebidas,CEDIS_Centro,275,341,46.8
2024-03-10,SKU_C,Bebidas,CEDIS_Centro,294,438,59.89
2024-03-17,SKU_C,Bebidas,CEDIS_Centro,279,396,23.74
2024-03-24,SKU_C,Bebidas,CEDIS_Centro,279,414,36.94
2024-03-31,SKU_C,Bebidas,CEDIS_Centro,302,398,20.73
2024-04-07,SKU_C,Bebidas,CEDIS_Centro,266,355,27.21
2024-04-14,SKU_C,Bebidas,CEDIS_Centro,281,358,33.67
2024-04-21,SKU_C,Bebidas,CEDIS_Centro,266,414,39.45
2024-04-28,SKU_C,Bebidas,CEDIS_Centro,265,343,60.0
2024-05-05,SKU_C,Bebidas,CEDIS_Centro,267,336,23.09
2024-05-12,SKU_C,Bebidas,CEDIS_Centro,278,428,24.05
2024-05-19,SKU_C,Bebidas,CEDIS_Centro,259,407,41.59
2024-05-26,SKU_C,Bebidas,CEDIS_Centro,299,443,55.35
2024-06-02,SKU_C,Bebidas,CEDIS_Centro,243,297,46.48
2024-06-09,SKU_C,Bebidas,CEDIS_Centro,258,406,44.72
2024-06-16,SKU_C,Bebidas,CEDIS_Centro,249,375,35.07
2024-06-23,SKU_C,Bebidas,CEDIS_Centro,293,363,27.23
2024-06-30,SKU_C,Bebidas,CEDIS_Centro,259,397,50.84
2024-07-07,SKU_C,Bebidas,CEDIS_Centro,276,347,48.85
2024-07-14,SKU_C,Bebidas,CEDIS_Centro,211,266,36.43
2024-07-21,SKU_C,Bebidas,CEDIS_Centro,251,387,48.78
2024-07-28,SKU_C,Bebidas,CEDIS_Centro,264,370,44.42
2024-08-04,SKU_C,Bebidas,CEDIS_Centro,241,387,49.94
2024-08-11,SKU_C,Bebidas,CEDIS_Centro,263,370,29.36
2024-08-18,SKU_C,Bebidas,CEDIS_Centro,222,302,32.38
2024-08-25,SKU_C,Bebidas,CEDIS_Centro,268,418,38.76
2024-09-01,SKU_C,Bebidas,CEDIS_Centro,289,363,34.71
2024-09-08,SKU_C,Bebidas,CEDIS_Centro,221,344,59.38
2024-09-15,SKU_C,Bebidas,CEDIS_Centro,218,327,50.78
2024-09-22,SKU_C,Bebidas,CEDIS_Centro,265,414,35.27
2024-09-29,SKU_C,Bebidas,CEDIS_Centro,268,385,36.75
2024-10-06,SKU_C,Bebidas,CEDIS_Centro,215,285,52.68
2024-10-13,SKU_C,Bebidas,CEDIS_Centro,218,345,25.54
2024-10-20,SKU_C,Bebidas,CEDIS_Centro,223,305,22.09
2024-10-27,SKU_C,Bebidas,CEDIS_Centro,197,308,54.96
2024-11-03,SKU_C,Bebidas,CEDIS_Centro,209,329,57.37
2024-11-10,SKU_C,Bebidas,CEDIS_Centro,209,350,53.84
2024-11-17,SKU_C,Bebidas,CEDIS_Centro,217,282,31.4
2024-11-24,SKU_C,Bebidas,CEDIS_Centro,238,385,26.41
2024-12-01,SKU_C,Bebidas,CEDIS_Centro,247,354,56.21
2024-12-08,SKU_C,Bebidas,CEDIS_Centro,283,351,53.24
2024-12-15,SKU_C,Bebidas,CEDIS_Centro,222,283,57.86
2024-12-22,SKU_C,Bebidas,CEDIS_Centro,275,353,52.67
2024-12-29,SKU_C,Bebidas,CEDIS_Centro,248,342,57.22
2023-01-01,SKU_C,Bebidas,CEDIS_Sur,411,467,35.86
2023-01-08,SKU_C,Bebidas,CEDIS_Sur,434,531,29.43
2023-01-15,SKU_C,Bebidas,CEDIS_Sur,394,454,35.0
2023-01-22,SKU_C,Bebidas,CEDIS_Sur,436,489,32.75
2023-01-29,SKU_C,Bebidas,CEDIS_Sur,435,497,53.57
2023-02-05,SKU_C,Bebidas,CEDIS_Sur,448,581,33.41
2023-02-12,SKU_C,Bebidas,CEDIS_Sur,447,515,25.5
2023-02-19,SKU_C,Bebidas,CEDIS_Sur,504,590,56.7
2023-02-26,SKU_C,Bebidas,CEDIS_Sur,430,540,47.84
2023-03-05,SKU_C,Bebidas,CEDIS_Sur,435,502,50.35
2023-03-12,SKU_C,Bebidas,CEDIS_Sur,435,545,37.94
2023-03-19,SKU_C,Bebidas,CEDIS_Sur,438,488,56.23
2023-03-26,SKU_C,Bebidas,CEDIS_Sur,437,489,30.24
2023-04-02,SKU_C,Bebidas,CEDIS_Sur,482,551,41.95
2023-04-09,SKU_C,Bebidas,CEDIS_Sur,488,631,44.36
2023-04-16,SKU_C,Bebidas,CEDIS_Sur,437,541,24.45
2023-04-23,SKU_C,Bebidas,CEDIS_Sur,429,515,29.51
2023-04-30,SKU_C,Bebidas,CEDIS_Sur,460,525,21.91
2023-05-07,SKU_C,Bebidas,CEDIS_Sur,431,534,45.56
2023-05-14,SKU_C,Bebidas,CEDIS_Sur,458,587,38.28
2023-05-21,SKU_C,Bebidas,CEDIS_Sur,444,508,53.47
2023-05-28,SKU_C,Bebidas,CEDIS_Sur,397,510,43.87
2023-06-04,SKU_C,Bebidas,CEDIS_Sur,469,521,45.28
2023-06-11,SKU_C,Bebidas,CEDIS_Sur,471,594,29.68
2023-06-18,SKU_C,Bebidas,CEDIS_Sur,406,474,31.65
2023-06-25,SKU_C,Bebidas,CEDIS_Sur,406,456,44.59
2023-07-02,SKU_C,Bebidas,CEDIS_Sur,418,498,42.83
2023-07-09,SKU_C,Bebidas,CEDIS_Sur,415,488,46.57
2023-07-16,SKU_C,Bebidas,CEDIS_Sur,418,478,40.94
2023-07-23,SKU_C,Bebidas,CEDIS_Sur,447,543,22.71
2023-07-30,SKU_C,Bebidas,CEDIS_Sur,388,505,41.76
2023-08-06,SKU_C,Bebidas,CEDIS_Sur,368,518,59.53
2023-08-13,SKU_C,Bebidas,CEDIS_Sur,349,469,20.81
2023-08-20,SKU_C,Bebidas,CEDIS_Sur,362,472,21.74
2023-08-27,SKU_C,Bebidas,CEDIS_Sur,377,476,59.24
2023-09-03,SKU_C,Bebidas,CEDIS_Sur,420,502,49.89
2023-09-10,SKU_C,Bebidas,CEDIS_Sur,360,455,51.54
2023-09-17,SKU_C,Bebidas,CEDIS_Sur,377,471,29.65
2023-09-24,SKU_C,Bebidas,CEDIS_Sur,370,504,45.13
2023-10-01,SKU_C,Bebidas,CEDIS_Sur,400,548,43.28
2023-10-08,SKU_C,Bebidas,CEDIS_Sur,434,580,33.3
2023-10-15,SKU_C,Bebidas,CEDIS_Sur,358,413,34.09
2023-10-22,SKU_C,Bebidas,CEDIS_Sur,361,454,52.54
2023-10-29,SKU_C,Bebidas,CEDIS_Sur,401,473,53.22
2023-11-05,SKU_C,Bebidas,CEDIS_Sur,395,532,38.58
2023-11-12,SKU_C,Bebidas,CEDIS_Sur,427,566,39.14
2023-11-19,SKU_C,Bebidas,CEDIS_Sur,399,472,52.46
2023-11-26,SKU_C,Bebidas,CEDIS_Sur,379,437,48.64
2023-12-03,SKU_C,Bebidas,CEDIS_Sur,407,515,21.48
2023-12-10,SKU_C,Bebidas,CEDIS_Sur,425,500,21.75
2023-12-17,SKU_C,Bebidas,CEDIS_Sur,422,497,55.43
2023-12-24,SKU_C,Bebidas,CEDIS_Sur,419,509,57.33
2023-12-31,SKU_C,Bebidas,CEDIS_Sur,438,553,35.93
2024-01-07,SKU_C,Bebidas,CEDIS_Sur,446,565,38.94
2024-01-14,SKU_C,Bebidas,CEDIS_Sur,456,510,50.13
2024-01-21,SKU_C,Bebidas,CEDIS_Sur,442,516,31.44
2024-01-28,SKU_C,Bebidas,CEDIS_Sur,426,575,21.91
2024-02-04,SKU_C,Bebidas,CEDIS_Sur,439,572,33.28
2024-02-11,SKU_C,Bebidas,CEDIS_Sur,469,534,51.97
2024-02-18,SKU_C,Bebidas,CEDIS_Sur,422,527,55.58
2024-02-25,SKU_C,Bebidas,CEDIS_Sur,455,600,37.59
2024-03-03,SKU_C,Bebidas,CEDIS_Sur,438,537,33.56
2024-03-10,SKU_C,Bebidas,CEDIS_Sur,451,524,39.85
2024-03-17,SKU_C,Bebidas,CEDIS_Sur,483,596,34.69
2024-03-24,SKU_C,Bebidas,CEDIS_Sur,457,573,30.67
2024-03-31,SKU_C,Bebidas,CEDIS_Sur,454,514,49.08
2024-04-07,SKU_C,Bebidas,CEDIS_Sur,418,478,37.22
2024-04-14,SKU_C,Bebidas,CEDIS_Sur,470,543,41.82
2024-04-21,SKU_C,Bebidas,CEDIS_Sur,466,557,24.1
2024-04-28,SKU_C,Bebidas,CEDIS_Sur,502,593,46.44
2024-05-05,SKU_C,Bebidas,CEDIS_Sur,438,527,37.84
2024-05-12,SKU_C,Bebidas,CEDIS_Sur,448,589,37.04
2024-05-19,SKU_C,Bebidas,CEDIS_Sur,445,583,37.76
2024-05-26,SKU_C,Bebidas,CEDIS_Sur,475,582,21.69
2024-06-02,SKU_C,Bebidas,CEDIS_Sur,429,524,44.59
2024-06-09,SKU_C,Bebidas,CEDIS_Sur,433,538,30.98
2024-06-16,SKU_C,Bebidas,CEDIS_Sur,437,494,23.0
2024-06-23,SKU_C,Bebidas,CEDIS_Sur,421,552,36.25
2024-06-30,SKU_C,Bebidas,CEDIS_Sur,401,516,52.04
2024-07-07,SKU_C,Bebidas,CEDIS_Sur,412,548,26.4
2024-07-14,SKU_C,Bebidas,CEDIS_Sur,429,482,25.71
2024-07-21,SKU_C,Bebidas,CEDIS_Sur,372,499,47.12
2024-07-28,SKU_C,Bebidas,CEDIS_Sur,396,502,21.39
2024-08-04,SKU_C,Bebidas,CEDIS_Sur,371,429,29.44
2024-08-11,SKU_C,Bebidas,CEDIS_Sur,414,546,34.65
2024-08-18,SKU_C,Bebidas,CEDIS_Sur,343,442,57.98
2024-08-25,SKU_C,Bebidas,CEDIS_Sur,364,418,44.2
2024-09-01,SKU_C,Bebidas,CEDIS_Sur,385,521,38.0
2024-09-08,SKU_C,Bebidas,CEDIS_Sur,412,509,34.88
2024-09-15,SKU_C,Bebidas,CEDIS_Sur,370,517,23.08
2024-09-22,SKU_C,Bebidas,CEDIS_Sur,357,424,41.18
2024-09-29,SKU_C,Bebidas,CEDIS_Sur,417,517,32.58
2024-10-06,SKU_C,Bebidas,CEDIS_Sur,334,419,29.98
2024-10-13,SKU_C,Bebidas,CEDIS_Sur,316,380,21.04
2024-10-20,SKU_C,Bebidas,CEDIS_Sur,384,457,39.96
2024-10-27,SKU_C,Bebidas,CEDIS_Sur,362,461,56.54
2024-11-03,SKU_C,Bebidas,CEDIS_Sur,352,417,30.47
2024-11-10,SKU_C,Bebidas,CEDIS_Sur,398,481,48.16
2024-11-17,SKU_C,Bebidas,CEDIS_Sur,390,467,59.85
2024-11-24,SKU_C,Bebidas,CEDIS_Sur,373,459,47.76
2024-12-01,SKU_C,Bebidas,CEDIS_Sur,360,472,28.01
2024-12-08,SKU_C,Bebidas,CEDIS_Sur,418,485,54.11
2024-12-15,SKU_C,Bebidas,CEDIS_Sur,417,524,26.91
2024-12-22,SKU_C,Bebidas,CEDIS_Sur,403,544,37.8
2024-12-29,SKU_C,Bebidas,CEDIS_Sur,457,518,52.42
2023-01-01,SKU_D,Panadería,CEDIS_Norte,336,471,33.9
2023-01-08,SKU_D,Panadería,CEDIS_Norte,329,387,42.0
2023-01-15,SKU_D,Panadería,CEDIS_Norte,354,441,55.65
2023-01-22,SKU_D,Panadería,CEDIS_Norte,375,445,48.47
2023-01-29,SKU_D,Panadería,CEDIS_Norte,386,525,45.51
2023-02-05,SKU_D,Panadería,CEDIS_Norte,378,474,40.35
2023-02-12,SKU_D,Panadería,CEDIS_Norte,396,461,59.41
2023-02-19,SKU_D,Panadería,CEDIS_Norte,359,426,29.47
2023-02-26,SKU_D,Panadería,CEDIS_Norte,429,542,21.05
2023-03-05,SKU_D,Panadería,CEDIS_Norte,393,513,42.89
2023-03-12,SKU_D,Panadería,CEDIS_Norte,425,534,52.15
2023-03-19,SKU_D,Panadería,CEDIS_Norte,406,526,25.19
2023-03-26,SKU_D,Panadería,CEDIS_Norte,410,471,22.63
2023-04-02,SKU_D,Panadería,CEDIS_Norte,413,513,59.98
2023-04-09,SKU_D,Panadería,CEDIS_Norte,410,552,39.15
2023-04-16,SKU_D,Panadería,CEDIS_Norte,414,516,50.77
2023-04-23,SKU_D,Panadería,CEDIS_Norte,430,553,22.95
2023-04-30,SKU_D,Panadería,CEDIS_Norte,399,489,45.69
2023-05-07,SKU_D,Panadería,CEDIS_Norte,410,517,38.63
2023-05-14,SKU_D,Panadería,CEDIS_Norte,387,503,33.78
2023-05-21,SKU_D,Panadería,CEDIS_Norte,422,571,42.05
2023-05-28,SKU_D,Panadería,CEDIS_Norte,366,491,27.28
2023-06-04,SKU_D,Panadería,CEDIS_Norte,424,490,37.3
2023-06-11,SKU_D,Panadería,CEDIS_Norte,374,431,53.26
2023-06-18,SKU_D,Panadería,CEDIS_Norte,335,451,26.12
2023-06-25,SKU_D,Panadería,CEDIS_Norte,370,441,26.48
2023-07-02,SKU_D,Panadería,CEDIS_Norte,345,485,29.02
2023-07-09,SKU_D,Panadería,CEDIS_Norte,379,495,55.8
2023-07-16,SKU_D,Panadería,CEDIS_Norte,337,397,30.02
2023-07-23,SKU_D,Panadería,CEDIS_Norte,338,469,58.25
2023-07-30,SKU_D,Panadería,CEDIS_Norte,298,383,25.01
2023-08-06,SKU_D,Panadería,CEDIS_Norte,330,418,44.58
2023-08-13,SKU_D,Panadería,CEDIS_Norte,278,339,40.1
2023-08-20,SKU_D,Panadería,CEDIS_Norte,296,367,43.67
2023-08-27,SKU_D,Panadería,CEDIS_Norte,352,476,26.17
2023-09-03,SKU_D,Panadería,CEDIS_Norte,350,484,44.98
2023-09-10,SKU_D,Panadería,CEDIS_Norte,339,466,33.5
2023-09-17,SKU_D,Panadería,CEDIS_Norte,303,425,21.65
2023-09-24,SKU_D,Panadería,CEDIS_Norte,325,378,23.25
2023-10-01,SKU_D,Panadería,CEDIS_Norte,326,458,50.84
2023-10-08,SKU_D,Panadería,CEDIS_Norte,298,381,46.05
2023-10-15,SKU_D,Panadería,CEDIS_Norte,365,513,42.89
2023-10-22,SKU_D,Panadería,CEDIS_Norte,351,480,45.56
2023-10-29,SKU_D,Panadería,CEDIS_Norte,325,438,55.56
2023-11-05,SKU_D,Panadería,CEDIS_Norte,333,452,31.59
2023-11-12,SKU_D,Panadería,CEDIS_Norte,341,429,39.32
2023-11-19,SKU_D,Panadería,CEDIS_Norte,287,424,36.24
2023-11-26,SKU_D,Panadería,CEDIS_Norte,336,444,22.92
2023-12-03,SKU_D,Panadería,CEDIS_Norte,329,386,26.32
2023-12-10,SKU_D,Panadería,CEDIS_Norte,325,428,39.37
2023-12-17,SKU_D,Panadería,CEDIS_Norte,347,423,33.61
2023-12-24,SKU_D,Panadería,CEDIS_Norte,403,471,32.5
2023-12-31,SKU_D,Panadería,CEDIS_Norte,379,520,32.77
2024-01-07,SKU_D,Panadería,CEDIS_Norte,353,447,59.01
2024-01-14,SKU_D,Panadería,CEDIS_Norte,385,451,50.43
2024-01-21,SKU_D,Panadería,CEDIS_Norte,410,525,42.47
2024-01-28,SKU_D,Panadería,CEDIS_Norte,402,492,29.67
2024-02-04,SKU_D,Panadería,CEDIS_Norte,385,450,30.7
2024-02-11,SKU_D,Panadería,CEDIS_Norte,370,451,25.64
2024-02-18,SKU_D,Panadería,CEDIS_Norte,407,463,31.61
2024-02-25,SKU_D,Panadería,CEDIS_Norte,402,501,54.57
2024-03-03,SKU_D,Panadería,CEDIS_Norte,417,520,29.93
2024-03-10,SKU_D,Panadería,CEDIS_Norte,412,482,52.54
2024-03-17,SKU_D,Panadería,CEDIS_Norte,424,547,48.85
2024-03-24,SKU_D,Panadería,CEDIS_Norte,385,459,50.52
2024-03-31,SKU_D,Panadería,CEDIS_Norte,432,545,59.84
2024-04-07,SKU_D,Panadería,CEDIS_Norte,403,512,39.95
2024-04-14,SKU_D,Panadería,CEDIS_Norte,450,539,39.89
2024-04-21,SKU_D,Panadería,CEDIS_Norte,379,440,57.81
2024-04-28,SKU_D,Panadería,CEDIS_Norte,438,552,38.29
2024-05-05,SKU_D,Panadería,CEDIS_Norte,397,477,28.61
2024-05-12,SKU_D,Panadería,CEDIS_Norte,374,469,21.95
2024-05-19,SKU_D,Panadería,CEDIS_Norte,375,461,39.8
2024-05-26,SKU_D,Panadería,CEDIS_Norte,375,508,46.9
2024-06-02,SKU_D,Panadería,CEDIS_Norte,390,476,41.47
2024-06-09,SKU_D,Panadería,CEDIS_Norte,389,452,37.24
2024-06-16,SKU_D,Panadería,CEDIS_Norte,357,440,49.1
2024-06-23,SKU_D,Panadería,CEDIS_Norte,367,514,36.13
2024-06-30,SKU_D,Panadería,CEDIS_Norte,416,471,36.02
2024-07-07,SKU_D,Panadería,CEDIS_Norte,402,524,42.47
2024-07-14,SKU_D,Panadería,CEDIS_Norte,365,461,42.13
2024-07-21,SKU_D,Panadería,CEDIS_Norte,351,410,35.45
2024-07-28,SKU_D,Panadería,CEDIS_Norte,349,456,50.58
2024-08-04,SKU_D,Panadería,CEDIS_Norte,358,443,53.01
2024-08-11,SKU_D,Panadería,CEDIS_Norte,313,442,47.22
2024-08-18,SKU_D,Panadería,CEDIS_Norte,329,394,25.15
2024-08-25,SKU_D,Panadería,CEDIS_Norte,291,353,35.76
2024-09-01,SKU_D,Panadería,CEDIS_Norte,341,434,42.31
2024-09-08,SKU_D,Panadería,CEDIS_Norte,345,441,50.2
2024-09-15,SKU_D,Panadería,CEDIS_Norte,315,390,44.1
2024-09-22,SKU_D,Panadería,CEDIS_Norte,366,467,40.0
2024-09-29,SKU_D,Panadería,CEDIS_Norte,296,351,21.56
2024-10-06,SKU_D,Panadería,CEDIS_Norte,290,431,33.32
2024-10-13,SKU_D,Panadería,CEDIS_Norte,333,443,40.77
2024-10-20,SKU_D,Panadería,CEDIS_Norte,355,424,44.25
2024-10-27,SKU_D,Panadería,CEDIS_Norte,372,487,25.59
2024-11-03,SKU_D,Panadería,CEDIS_Norte,321,449,32.74
2024-11-10,SKU_D,Panadería,CEDIS_Norte,362,462,59.62
2024-11-17,SKU_D,Panadería,CEDIS_Norte,337,481,53.7
2024-11-24,SKU_D,Panadería,CEDIS_Norte,337,462,33.45
2024-12-01,SKU_D,Panadería,CEDIS_Norte,367,482,41.29
2024-12-08,SKU_D,Panadería,CEDIS_Norte,365,505,42.52
2024-12-15,SKU_D,Panadería,CEDIS_Norte,314,424,52.63
2024-12-22,SKU_D,Panadería,CEDIS_Norte,394,491,33.25
2024-12-29,SKU_D,Panadería,CEDIS_Norte,396,460,59.2
2023-01-01,SKU_D,Panadería,CEDIS_Centro,483,572,51.87
2023-01-08,SKU_D,Panadería,CEDIS_Centro,514,656,54.88
2023-01-15,SKU_D,Panadería,CEDIS_Centro,523,653,21.07
2023-01-22,SKU_D,Panadería,CEDIS_Centro,522,632,30.62
2023-01-29,SKU_D,Panadería,CEDIS_Centro,508,641,51.32
2023-02-05,SKU_D,Panadería,CEDIS_Centro,510,659,43.14
2023-02-12,SKU_D,Panadería,CEDIS_Centro,530,609,48.86
2023-02-19,SKU_D,Panadería,CEDIS_Centro,565,689,39.22
2023-02-26,SKU_D,Panadería,CEDIS_Centro,552,669,45.16
2023-03-05,SKU_D,Panadería,CEDIS_Centro,533,662,50.98
2023-03-12,SKU_D,Panadería,CEDIS_Centro,564,662,25.91
2023-03-19,SKU_D,Panadería,CEDIS_Centro,475,612,29.69
2023-03-26,SKU_D,Panadería,CEDIS_Centro,576,699,57.93
2023-04-02,SKU_D,Panadería,CEDIS_Centro,504,568,27.63
2023-04-09,SKU_D,Panadería,CEDIS_Centro,538,644,32.55
2023-04-16,SKU_D,Panadería,CEDIS_Centro,518,587,36.52
2023-04-23,SKU_D,Panadería,CEDIS_Centro,511,587,36.42
2023-04-30,SKU_D,Panadería,CEDIS_Centro,570,719,44.46
2023-05-07,SKU_D,Panadería,CEDIS_Centro,526,636,54.91
2023-05-14,SKU_D,Panadería,CEDIS_Centro,543,687,49.1
2023-05-21,SKU_D,Panadería,CEDIS_Centro,529,669,25.52
2023-05-28,SKU_D,Panadería,CEDIS_Centro,537,613,42.44
2023-06-04,SKU_D,Panadería,CEDIS_Centro,522,656,39.13
2023-06-11,SKU_D,Panadería,CEDIS_Centro,483,581,32.55
2023-06-18,SKU_D,Panadería,CEDIS_Centro,534,606,38.39
2023-06-25,SKU_D,Panadería,CEDIS_Centro,491,609,33.69
2023-07-02,SKU_D,Panadería,CEDIS_Centro,458,553,47.03
2023-07-09,SKU_D,Panadería,CEDIS_Centro,480,622,47.23
2023-07-16,SKU_D,Panadería,CEDIS_Centro,523,661,30.57
2023-07-23,SKU_D,Panadería,CEDIS_Centro,501,612,27.69
2023-07-30,SKU_D,Panadería,CEDIS_Centro,465,546,31.16
2023-08-06,SKU_D,Panadería,CEDIS_Centro,460,548,28.99
2023-08-13,SKU_D,Panadería,CEDIS_Centro,456,544,50.85
2023-08-20,SKU_D,Panadería,CEDIS_Centro,512,652,28.29
2023-08-27,SKU_D,Panadería,CEDIS_Centro,466,606,39.56
2023-09-03,SKU_D,Panadería,CEDIS_Centro,464,575,33.95
2023-09-10,SKU_D,Panadería,CEDIS_Centro,477,619,30.94
2023-09-17,SKU_D,Panadería,CEDIS_Centro,455,520,42.94
2023-09-24,SKU_D,Panadería,CEDIS_Centro,442,561,35.19
2023-10-01,SKU_D,Panadería,CEDIS_Centro,443,543,52.74
2023-10-08,SKU_D,Panadería,CEDIS_Centro,446,594,52.18
2023-10-15,SKU_D,Panadería,CEDIS_Centro,448,535,21.68
2023-10-22,SKU_D,Panadería,CEDIS_Centro,469,610,23.16
2023-10-29,SKU_D,Panadería,CEDIS_Centro,455,561,46.24
2023-11-05,SKU_D,Panadería,CEDIS_Centro,475,620,39.16
2023-11-12,SKU_D,Panadería,CEDIS_Centro,458,533,53.12
2023-11-19,SKU_D,Panadería,CEDIS_Centro,467,551,57.32
2023-11-26,SKU_D,Panadería,CEDIS_Centro,419,558,30.86
2023-12-03,SKU_D,Panadería,CEDIS_Centro,497,560,44.63
2023-12-10,SKU_D,Panadería,CEDIS_Centro,489,614,29.57
2023-12-17,SKU_D,Panadería,CEDIS_Centro,511,567,46.79
2023-12-24,SKU_D,Panadería,CEDIS_Centro,419,536,29.03
2023-12-31,SKU_D,Panadería,CEDIS_Centro,550,629,22.1
2024-01-07,SKU_D,Panadería,CEDIS_Centro,500,602,33.21
2024-01-14,SKU_D,Panadería,CEDIS_Centro,537,647,24.02
2024-01-21,SKU_D,Panadería,CEDIS_Centro,489,637,25.5
2024-01-28,SKU_D,Panadería,CEDIS_Centro,536,656,59.12
2024-02-04,SKU_D,Panadería,CEDIS_Centro,499,569,36.28
2024-02-11,SKU_D,Panadería,CEDIS_Centro,515,625,39.1
2024-02-18,SKU_D,Panadería,CEDIS_Centro,583,658,50.24
2024-02-25,SKU_D,Panadería,CEDIS_Centro,534,620,32.85
2024-03-03,SKU_D,Panadería,CEDIS_Centro,547,679,22.37
2024-03-10,SKU_D,Panadería,CEDIS_Centro,566,714,23.58
2024-03-17,SKU_D,Panadería,CEDIS_Centro,558,681,29.29
2024-03-24,SKU_D,Panadería,CEDIS_Centro,551,695,48.92
2024-03-31,SKU_D,Panadería,CEDIS_Centro,556,610,56.53
2024-04-07,SKU_D,Panadería,CEDIS_Centro,607,679,36.72
2024-04-14,SKU_D,Panadería,CEDIS_Centro,544,616,57.36
2024-04-21,SKU_D,Panadería,CEDIS_Centro,549,603,59.89
2024-04-28,SKU_D,Panadería,CEDIS_Centro,568,668,51.52
2024-05-05,SKU_D,Panadería,CEDIS_Centro,566,639,57.46
2024-05-12,SKU_D,Panadería,CEDIS_Centro,565,652,55.07
2024-05-19,SKU_D,Panadería,CEDIS_Centro,547,598,31.94
2024-05-26,SKU_D,Panadería,CEDIS_Centro,497,624,24.29
2024-06-02,SKU_D,Panadería,CEDIS_Centro,562,654,31.38
2024-06-09,SKU_D,Panadería,CEDIS_Centro,487,619,41.73
2024-06-16,SKU_D,Panadería,CEDIS_Centro,517,630,55.57
2024-06-23,SKU_D,Panadería,CEDIS_Centro,485,552,54.04
2024-06-30,SKU_D,Panadería,CEDIS_Centro,496,605,30.91
2024-07-07,SKU_D,Panadería,CEDIS_Centro,500,564,33.23
2024-07-14,SKU_D,Panadería,CEDIS_Centro,494,637,38.36
2024-07-21,SKU_D,Panadería,CEDIS_Centro,491,573,48.74
2024-07-28,SKU_D,Panadería,CEDIS_Centro,515,566,49.46
2024-08-04,SKU_D,Panadería,CEDIS_Centro,481,568,42.71
2024-08-11,SKU_D,Panadería,CEDIS_Centro,459,605,27.73
2024-08-18,SKU_D,Panadería,CEDIS_Centro,485,613,54.25
2024-08-25,SKU_D,Panadería,CEDIS_Centro,487,588,53.08
2024-09-01,SKU_D,Panadería,CEDIS_Centro,423,538,33.12
2024-09-08,SKU_D,Panadería,CEDIS_Centro,466,567,46.77
2024-09-15,SKU_D,Panadería,CEDIS_Centro,467,540,59.27
2024-09-22,SKU_D,Panadería,CEDIS_Centro,441,552,32.94
2024-09-29,SKU_D,Panadería,CEDIS_Centro,482,563,20.27
2024-10-06,SKU_D,Panadería,CEDIS_Centro,444,543,29.42
2024-10-13,SKU_D,Panadería,CEDIS_Centro,452,598,30.68
2024-10-20,SKU_D,Panadería,CEDIS_Centro,446,538,32.08
2024-10-27,SKU_D,Panadería,CEDIS_Centro,453,595,42.92
2024-11-03,SKU_D,Panadería,CEDIS_Centro,429,512,46.15
2024-11-10,SKU_D,Panadería,CEDIS_Centro,424,562,29.45
2024-11-17,SKU_D,Panadería,CEDIS_Centro,504,639,24.73
2024-11-24,SKU_D,Panadería,CEDIS_Centro,447,536,26.39
2024-12-01,SKU_D,Panadería,CEDIS_Centro,449,586,40.1
2024-12-08,SKU_D,Panadería,CEDIS_Centro,425,565,50.79
2024-12-15,SKU_D,Panadería,CEDIS_Centro,469,607,24.7
2024-12-22,SKU_D,Panadería,CEDIS_Centro,458,545,34.7
2024-12-29,SKU_D,Panadería,CEDIS_Centro,538,616,28.77
2023-01-01,SKU_D,Panadería,CEDIS_Sur,293,404,26.13
2023-01-08,SKU_D,Panadería,CEDIS_Sur,254,399,59.55
2023-01-15,SKU_D,Panadería,CEDIS_Sur,331,428,36.63
2023-01-22,SKU_D,Panadería,CEDIS_Sur,302,422,56.51
2023-01-29,SKU_D,Panadería,CEDIS_Sur,272,418,41.5
2023-02-05,SKU_D,Panadería,CEDIS_Sur,221,356,53.02
2023-02-12,SKU_D,Panadería,CEDIS_Sur,343,490,29.9
2023-02-19,SKU_D,Panadería,CEDIS_Sur,253,399,43.83
2023-02-26,SKU_D,Panadería,CEDIS_Sur,249,399,23.27
2023-03-05,SKU_D,Panadería,CEDIS_Sur,317,424,41.13
2023-03-12,SKU_D,Panadería,CEDIS_Sur,354,450,23.12
2023-03-19,SKU_D,Panadería,CEDIS_Sur,328,450,24.49
2023-03-26,SKU_D,Panadería,CEDIS_Sur,308,428,56.12
2023-04-02,SKU_D,Panadería,CEDIS_Sur,309,384,42.91
2023-04-09,SKU_D,Panadería,CEDIS_Sur,315,384,26.58
2023-04-16,SKU_D,Panadería,CEDIS_Sur,312,428,37.67
2023-04-23,SKU_D,Panadería,CEDIS_Sur,299,436,28.22
2023-04-30,SKU_D,Panadería,CEDIS_Sur,294,418,39.55
2023-05-07,SKU_D,Panadería,CEDIS_Sur,288,403,37.82
2023-05-14,SKU_D,Panadería,CEDIS_Sur,269,326,38.14
2023-05-21,SKU_D,Panadería,CEDIS_Sur,278,393,36.62
2023-05-28,SKU_D,Panadería,CEDIS_Sur,240,362,22.31
2023-06-04,SKU_D,Panadería,CEDIS_Sur,277,386,46.91
2023-06-11,SKU_D,Panadería,CEDIS_Sur,252,341,48.93
2023-06-18,SKU_D,Panadería,CEDIS_Sur,246,346,30.18
2023-06-25,SKU_D,Panadería,CEDIS_Sur,275,325,49.83
2023-07-02,SKU_D,Panadería,CEDIS_Sur,302,426,22.92
2023-07-09,SKU_D,Panadería,CEDIS_Sur,287,391,33.78
2023-07-16,SKU_D,Panadería,CEDIS_Sur,222,280,41.65
2023-07-23,SKU_D,Panadería,CEDIS_Sur,233,290,57.38
2023-07-30,SKU_D,Panadería,CEDIS_Sur,278,336,59.45
2023-08-06,SKU_D,Panadería,CEDIS_Sur,228,338,21.27
2023-08-13,SKU_D,Panadería,CEDIS_Sur,244,346,27.2
2023-08-20,SKU_D,Panadería,CEDIS_Sur,261,328,50.63
2023-08-27,SKU_D,Panadería,CEDIS_Sur,221,364,45.84
2023-09-03,SKU_D,Panadería,CEDIS_Sur,246,349,34.98
2023-09-10,SKU_D,Panadería,CEDIS_Sur,209,307,37.94
2023-09-17,SKU_D,Panadería,CEDIS_Sur,226,324,35.03
2023-09-24,SKU_D,Panadería,CEDIS_Sur,249,386,58.57
2023-10-01,SKU_D,Panadería,CEDIS_Sur,201,320,25.32
2023-10-08,SKU_D,Panadería,CEDIS_Sur,252,346,24.75
2023-10-15,SKU_D,Panadería,CEDIS_Sur,241,359,35.72
2023-10-22,SKU_D,Panadería,CEDIS_Sur,256,322,49.11
2023-10-29,SKU_D,Panadería,CEDIS_Sur,249,327,53.39
2023-11-05,SKU_D,Panadería,CEDIS_Sur,280,426,20.91
2023-11-12,SKU_D,Panadería,CEDIS_Sur,251,339,38.52
2023-11-19,SKU_D,Panadería,CEDIS_Sur,239,381,41.78
2023-11-26,SKU_D,Panadería,CEDIS_Sur,255,373,35.17
2023-12-03,SKU_D,Panadería,CEDIS_Sur,269,348,29.9
2023-12-10,SKU_D,Panadería,CEDIS_Sur,259,353,26.2
2023-12-17,SKU_D,Panadería,CEDIS_Sur,262,336,57.5
2023-12-24,SKU_D,Panadería,CEDIS_Sur,247,389,50.62
2023-12-31,SKU_D,Panadería,CEDIS_Sur,251,305,52.38
2024-01-07,SKU_D,Panadería,CEDIS_Sur,236,339,44.6
2024-01-14,SKU_D,Panadería,CEDIS_Sur,318,370,29.63
2024-01-21,SKU_D,Panadería,CEDIS_Sur,246,304,24.04
2024-01-28,SKU_D,Panadería,CEDIS_Sur,263,317,37.86
2024-02-04,SKU_D,Panadería,CEDIS_Sur,265,401,48.13
2024-02-11,SKU_D,Panadería,CEDIS_Sur,308,364,29.79
2024-02-18,SKU_D,Panadería,CEDIS_Sur,280,335,36.09
2024-02-25,SKU_D,Panadería,CEDIS_Sur,321,400,41.59
2024-03-03,SKU_D,Panadería,CEDIS_Sur,274,420,54.55
2024-03-10,SKU_D,Panadería,CEDIS_Sur,300,357,25.61
2024-03-17,SKU_D,Panadería,CEDIS_Sur,273,360,29.37
2024-03-24,SKU_D,Panadería,CEDIS_Sur,348,491,43.04
2024-03-31,SKU_D,Panadería,CEDIS_Sur,265,388,43.92
2024-04-07,SKU_D,Panadería,CEDIS_Sur,302,438,52.74
2024-04-14,SKU_D,Panadería,CEDIS_Sur,309,389,32.07
2024-04-21,SKU_D,Panadería,CEDIS_Sur,303,371,59.43
2024-04-28,SKU_D,Panadería,CEDIS_Sur,287,403,28.84
2024-05-05,SKU_D,Panadería,CEDIS_Sur,286,374,31.01
2024-05-12,SKU_D,Panadería,CEDIS_Sur,289,410,57.94
2024-05-19,SKU_D,Panadería,CEDIS_Sur,282,426,56.46
2024-05-26,SKU_D,Panadería,CEDIS_Sur,307,437,47.15
2024-06-02,SKU_D,Panadería,CEDIS_Sur,335,456,39.82
2024-06-09,SKU_D,Panadería,CEDIS_Sur,263,357,57.66
2024-06-16,SKU_D,Panadería,CEDIS_Sur,240,375,35.25
2024-06-23,SKU_D,Panadería,CEDIS_Sur,269,386,32.75
2024-06-30,SKU_D,Panadería,CEDIS_Sur,332,435,36.33
2024-07-07,SKU_D,Panadería,CEDIS_Sur,244,332,35.06
2024-07-14,SKU_D,Panadería,CEDIS_Sur,302,448,41.52
2024-07-21,SKU_D,Panadería,CEDIS_Sur,300,380,53.97
2024-07-28,SKU_D,Panadería,CEDIS_Sur,241,329,54.3
2024-08-04,SKU_D,Panadería,CEDIS_Sur,267,335,52.23
2024-08-11,SKU_D,Panadería,CEDIS_Sur,291,348,42.5
2024-08-18,SKU_D,Panadería,CEDIS_Sur,238,341,42.29
2024-08-25,SKU_D,Panadería,CEDIS_Sur,241,308,35.54
2024-09-01,SKU_D,Panadería,CEDIS_Sur,229,311,28.13
2024-09-08,SKU_D,Panadería,CEDIS_Sur,217,349,23.16
2024-09-15,SKU_D,Panadería,CEDIS_Sur,225,332,53.89
2024-09-22,SKU_D,Panadería,CEDIS_Sur,210,271,41.43
2024-09-29,SKU_D,Panadería,CEDIS_Sur,242,316,22.06
2024-10-06,SKU_D,Panadería,CEDIS_Sur,222,320,46.95
2024-10-13,SKU_D,Panadería,CEDIS_Sur,247,374,21.58
2024-10-20,SKU_D,Panadería,CEDIS_Sur,203,262,27.53
2024-10-27,SKU_D,Panadería,CEDIS_Sur,252,399,43.5
2024-11-03,SKU_D,Panadería,CEDIS_Sur,266,401,42.35
2024-11-10,SKU_D,Panadería,CEDIS_Sur,197,308,28.36
2024-11-17,SKU_D,Panadería,CEDIS_Sur,259,351,32.13
2024-11-24,SKU_D,Panadería,CEDIS_Sur,283,334,28.47
2024-12-01,SKU_D,Panadería,CEDIS_Sur,224,298,58.48
2024-12-08,SKU_D,Panadería,CEDIS_Sur,299,364,49.88
2024-12-15,SKU_D,Panadería,CEDIS_Sur,271,417,39.16
2024-12-22,SKU_D,Panadería,CEDIS_Sur,246,327,47.83
2024-12-29,SKU_D,Panadería,CEDIS_Sur,266,406,28.18
2023-01-01,SKU_E,Congelados,CEDIS_Norte,336,456,32.86
2023-01-08,SKU_E,Congelados,CEDIS_Norte,328,414,35.23
2023-01-15,SKU_E,Congelados,CEDIS_Norte,343,461,45.95
2023-01-22,SKU_E,Congelados,CEDIS_Norte,310,399,30.46
2023-01-29,SKU_E,Congelados,CEDIS_Norte,341,456,55.31
2023-02-05,SKU_E,Congelados,CEDIS_Norte,305,414,23.94
2023-02-12,SKU_E,Congelados,CEDIS_Norte,340,482,38.78
2023-02-19,SKU_E,Congelados,CEDIS_Norte,323,413,56.57
2023-02-26,SKU_E,Congelados,CEDIS_Norte,330,427,32.52
2023-03-05,SKU_E,Congelados,CEDIS_Norte,381,436,42.5
2023-03-12,SKU_E,Congelados,CEDIS_Norte,379,457,49.65
2023-03-19,SKU_E,Congelados,CEDIS_Norte,368,420,30.43
2023-03-26,SKU_E,Congelados,CEDIS_Norte,326,450,43.17
2023-04-02,SKU_E,Congelados,CEDIS_Norte,346,449,31.81
2023-04-09,SKU_E,Congelados,CEDIS_Norte,384,459,33.19
2023-04-16,SKU_E,Congelados,CEDIS_Norte,356,454,42.79
2023-04-23,SKU_E,Congelados,CEDIS_Norte,409,490,39.97
2023-04-30,SKU_E,Congelados,CEDIS_Norte,360,493,57.74
2023-05-07,SKU_E,Congelados,CEDIS_Norte,353,446,30.29
2023-05-14,SKU_E,Congelados,CEDIS_Norte,338,450,58.66
2023-05-21,SKU_E,Congelados,CEDIS_Norte,346,478,49.58
2023-05-28,SKU_E,Congelados,CEDIS_Norte,336,444,26.73
2023-06-04,SKU_E,Congelados,CEDIS_Norte,354,449,26.77
2023-06-11,SKU_E,Congelados,CEDIS_Norte,357,499,41.86
2023-06-18,SKU_E,Congelados,CEDIS_Norte,309,382,56.68
2023-06-25,SKU_E,Congelados,CEDIS_Norte,292,411,59.61
2023-07-02,SKU_E,Congelados,CEDIS_Norte,275,332,40.96
2023-07-09,SKU_E,Congelados,CEDIS_Norte,330,389,57.81
2023-07-16,SKU_E,Congelados,CEDIS_Norte,286,421,21.94
2023-07-23,SKU_E,Congelados,CEDIS_Norte,256,306,36.5
2023-07-30,SKU_E,Congelados,CEDIS_Norte,316,446,29.26
2023-08-06,SKU_E,Congelados,CEDIS_Norte,365,505,26.04
2023-08-13,SKU_E,Congelados,CEDIS_Norte,300,377,40.23
2023-08-20,SKU_E,Congelados,CEDIS_Norte,318,415,22.42
2023-08-27,SKU_E,Congelados,CEDIS_Norte,297,428,46.67
2023-09-03,SKU_E,Congelados,CEDIS_Norte,290,418,56.51
2023-09-10,SKU_E,Congelados,CEDIS_Norte,314,448,39.51
2023-09-17,SKU_E,Congelados,CEDIS_Norte,283,333,41.29
2023-09-24,SKU_E,Congelados,CEDIS_Norte,296,398,20.47
2023-10-01,SKU_E,Congelados,CEDIS_Norte,297,414,48.89
2023-10-08,SKU_E,Congelados,CEDIS_Norte,273,391,59.1
2023-10-15,SKU_E,Congelados,CEDIS_Norte,315,367,40.09
2023-10-22,SKU_E,Congelados,CEDIS_Norte,287,426,46.96
2023-10-29,SKU_E,Congelados,CEDIS_Norte,274,346,24.28
2023-11-05,SKU_E,Congelados,CEDIS_Norte,308,370,40.98
2023-11-12,SKU_E,Congelados,CEDIS_Norte,275,355,27.68
2023-11-19,SKU_E,Congelados,CEDIS_Norte,301,418,30.1
2023-11-26,SKU_E,Congelados,CEDIS_Norte,303,398,30.69
2023-12-03,SKU_E,Congelados,CEDIS_Norte,334,434,23.16
2023-12-10,SKU_E,Congelados,CEDIS_Norte,322,423,38.36
2023-12-17,SKU_E,Congelados,CEDIS_Norte,313,394,59.61
2023-12-24,SKU_E,Congelados,CEDIS_Norte,338,416,32.0
2023-12-31,SKU_E,Congelados,CEDIS_Norte,356,416,46.15
2024-01-07,SKU_E,Congelados,CEDIS_Norte,339,472,50.38
2024-01-14,SKU_E,Congelados,CEDIS_Norte,329,390,36.21
2024-01-21,SKU_E,Congelados,CEDIS_Norte,300,398,42.11
2024-01-28,SKU_E,Congelados,CEDIS_Norte,310,367,45.47
2024-02-04,SKU_E,Congelados,CEDIS_Norte,332,471,26.86
2024-02-11,SKU_E,Congelados,CEDIS_Norte,328,441,53.81
2024-02-18,SKU_E,Congelados,CEDIS_Norte,341,473,51.38
2024-02-25,SKU_E,Congelados,CEDIS_Norte,349,471,59.09
2024-03-03,SKU_E,Congelados,CEDIS_Norte,363,425,55.79
2024-03-10,SKU_E,Congelados,CEDIS_Norte,350,405,29.19
2024-03-17,SKU_E,Congelados,CEDIS_Norte,365,503,55.5
2024-03-24,SKU_E,Congelados,CEDIS_Norte,355,465,30.84
2024-03-31,SKU_E,Congelados,CEDIS_Norte,304,363,47.38
2024-04-07,SKU_E,Congelados,CEDIS_Norte,330,415,55.97
2024-04-14,SKU_E,Congelados,CEDIS_Norte,349,471,46.32
2024-04-21,SKU_E,Congelados,CEDIS_Norte,321,393,57.15
2024-04-28,SKU_E,Congelados,CEDIS_Norte,365,455,20.63
2024-05-05,SKU_E,Congelados,CEDIS_Norte,386,462,43.48
2024-05-12,SKU_E,Congelados,CEDIS_Norte,376,522,52.83
2024-05-19,SKU_E,Congelados,CEDIS_Norte,338,438,57.15
2024-05-26,SKU_E,Congelados,CEDIS_Norte,377,465,26.5
2024-06-02,SKU_E,Congelados,CEDIS_Norte,340,420,42.67
2024-06-09,SKU_E,Congelados,CEDIS_Norte,325,424,47.08
2024-06-16,SKU_E,Congelados,CEDIS_Norte,314,433,33.27
2024-06-23,SKU_E,Congelados,CEDIS_Norte,318,464,49.59
2024-06-30,SKU_E,Congelados,CEDIS_Norte,312,450,48.97
2024-07-07,SKU_E,Congelados,CEDIS_Norte,322,436,49.82
2024-07-14,SKU_E,Congelados,CEDIS_Norte,318,412,22.15
2024-07-21,SKU_E,Congelados,CEDIS_Norte,310,415,29.29
2024-07-28,SKU_E,Congelados,CEDIS_Norte,318,377,33.62
2024-08-04,SKU_E,Congelados,CEDIS_Norte,333,481,44.55
2024-08-11,SKU_E,Congelados,CEDIS_Norte,324,450,35.87
2024-08-18,SKU_E,Congelados,CEDIS_Norte,261,410,33.06
2024-08-25,SKU_E,Congelados,CEDIS_Norte,231,362,30.93
2024-09-01,SKU_E,Congelados,CEDIS_Norte,317,424,39.62
2024-09-08,SKU_E,Congelados,CEDIS_Norte,257,352,42.12
2024-09-15,SKU_E,Congelados,CEDIS_Norte,285,383,37.27
2024-09-22,SKU_E,Congelados,CEDIS_Norte,260,397,43.44
2024-09-29,SKU_E,Congelados,CEDIS_Norte,244,342,23.43
2024-10-06,SKU_E,Congelados,CEDIS_Norte,303,432,31.82
2024-10-13,SKU_E,Congelados,CEDIS_Norte,309,390,48.52
2024-10-20,SKU_E,Congelados,CEDIS_Norte,277,337,30.72
2024-10-27,SKU_E,Congelados,CEDIS_Norte,228,326,48.47
2024-11-03,SKU_E,Congelados,CEDIS_Norte,281,412,26.17
2024-11-10,SKU_E,Congelados,CEDIS_Norte,307,406,32.67
2024-11-17,SKU_E,Congelados,CEDIS_Norte,263,326,23.66
2024-11-24,SKU_E,Congelados,CEDIS_Norte,307,396,37.79
2024-12-01,SKU_E,Congelados,CEDIS_Norte,306,453,30.79
2024-12-08,SKU_E,Congelados,CEDIS_Norte,324,390,23.49
2024-12-15,SKU_E,Congelados,CEDIS_Norte,316,421,37.95
2024-12-22,SKU_E,Congelados,CEDIS_Norte,293,414,40.5
2024-12-29,SKU_E,Congelados,CEDIS_Norte,351,414,21.05
2023-01-01,SKU_E,Congelados,CEDIS_Centro,377,497,23.72
2023-01-08,SKU_E,Congelados,CEDIS_Centro,385,511,51.38
2023-01-15,SKU_E,Congelados,CEDIS_Centro,367,466,20.49
2023-01-22,SKU_E,Congelados,CEDIS_Centro,384,486,35.51
2023-01-29,SKU_E,Congelados,CEDIS_Centro,377,437,48.99
2023-02-05,SKU_E,Congelados,CEDIS_Centro,398,519,56.21
2023-02-12,SKU_E,Congelados,CEDIS_Centro,449,530,42.88
2023-02-19,SKU_E,Congelados,CEDIS_Centro,375,446,47.41
2023-02-26,SKU_E,Congelados,CEDIS_Centro,372,443,25.55
2023-03-05,SKU_E,Congelados,CEDIS_Centro,451,539,30.74
2023-03-12,SKU_E,Congelados,CEDIS_Centro,411,479,22.53
2023-03-19,SKU_E,Congelados,CEDIS_Centro,401,506,31.04
2023-03-26,SKU_E,Congelados,CEDIS_Centro,444,532,39.37
2023-04-02,SKU_E,Congelados,CEDIS_Centro,403,462,34.44
2023-04-09,SKU_E,Congelados,CEDIS_Centro,464,545,48.84
2023-04-16,SKU_E,Congelados,CEDIS_Centro,434,547,43.75
2023-04-23,SKU_E,Congelados,CEDIS_Centro,404,479,38.31
2023-04-30,SKU_E,Congelados,CEDIS_Centro,468,535,32.19
2023-05-07,SKU_E,Congelados,CEDIS_Centro,396,496,33.29
2023-05-14,SKU_E,Congelados,CEDIS_Centro,427,556,35.2
2023-05-21,SKU_E,Congelados,CEDIS_Centro,413,505,37.61
2023-05-28,SKU_E,Congelados,CEDIS_Centro,434,539,52.62
2023-06-04,SKU_E,Congelados,CEDIS_Centro,437,570,58.97
2023-06-11,SKU_E,Congelados,CEDIS_Centro,394,461,32.02
2023-06-18,SKU_E,Congelados,CEDIS_Centro,370,497,57.89
2023-06-25,SKU_E,Congelados,CEDIS_Centro,396,471,39.16
2023-07-02,SKU_E,Congelados,CEDIS_Centro,363,435,58.58
2023-07-09,SKU_E,Congelados,CEDIS_Centro,426,516,31.66
2023-07-16,SKU_E,Congelados,CEDIS_Centro,375,513,45.32
2023-07-23,SKU_E,Congelados,CEDIS_Centro,358,481,51.28
2023-07-30,SKU_E,Congelados,CEDIS_Centro,367,458,35.04
2023-08-06,SKU_E,Congelados,CEDIS_Centro,325,475,35.72
2023-08-13,SKU_E,Congelados,CEDIS_Centro,331,395,57.28
2023-08-20,SKU_E,Congelados,CEDIS_Centro,382,457,43.69
2023-08-27,SKU_E,Congelados,CEDIS_Centro,333,452,27.2
2023-09-03,SKU_E,Congelados,CEDIS_Centro,320,468,42.0
2023-09-10,SKU_E,Congelados,CEDIS_Centro,358,501,38.46
2023-09-17,SKU_E,Congelados,CEDIS_Centro,373,513,28.39
2023-09-24,SKU_E,Congelados,CEDIS_Centro,361,448,53.25
2023-10-01,SKU_E,Congelados,CEDIS_Centro,367,425,52.76
2023-10-08,SKU_E,Congelados,CEDIS_Centro,324,426,46.92
2023-10-15,SKU_E,Congelados,CEDIS_Centro,308,375,45.33
2023-10-22,SKU_E,Congelados,CEDIS_Centro,382,462,30.11
2023-10-29,SKU_E,Congelados,CEDIS_Centro,339,408,48.61
2023-11-05,SKU_E,Congelados,CEDIS_Centro,343,441,22.96
2023-11-12,SKU_E,Congelados,CEDIS_Centro,385,511,39.17
2023-11-19,SKU_E,Congelados,CEDIS_Centro,369,470,41.37
2023-11-26,SKU_E,Congelados,CEDIS_Centro,370,508,36.73
2023-12-03,SKU_E,Congelados,CEDIS_Centro,417,471,51.63
2023-12-10,SKU_E,Congelados,CEDIS_Centro,351,447,48.07
2023-12-17,SKU_E,Congelados,CEDIS_Centro,395,513,43.75
2023-12-24,SKU_E,Congelados,CEDIS_Centro,377,437,24.37
2023-12-31,SKU_E,Congelados,CEDIS_Centro,387,468,46.3
2024-01-07,SKU_E,Congelados,CEDIS_Centro,423,518,26.65
2024-01-14,SKU_E,Congelados,CEDIS_Centro,402,530,21.77
2024-01-21,SKU_E,Congelados,CEDIS_Centro,407,539,47.1
2024-01-28,SKU_E,Congelados,CEDIS_Centro,425,526,58.67
2024-02-04,SKU_E,Congelados,CEDIS_Centro,393,485,58.63
2024-02-11,SKU_E,Congelados,CEDIS_Centro,385,490,24.24
2024-02-18,SKU_E,Congelados,CEDIS_Centro,383,445,30.35
2024-02-25,SKU_E,Congelados,CEDIS_Centro,363,478,49.87
2024-03-03,SKU_E,Congelados,CEDIS_Centro,466,587,43.22
2024-03-10,SKU_E,Congelados,CEDIS_Centro,388,511,28.84
2024-03-17,SKU_E,Congelados,CEDIS_Centro,412,509,35.65
2024-03-24,SKU_E,Congelados,CEDIS_Centro,411,559,47.18
2024-03-31,SKU_E,Congelados,CEDIS_Centro,426,564,40.02
2024-04-07,SKU_E,Congelados,CEDIS_Centro,439,533,59.91
2024-04-14,SKU_E,Congelados,CEDIS_Centro,439,550,24.18
2024-04-21,SKU_E,Congelados,CEDIS_Centro,402,505,56.82
2024-04-28,SKU_E,Congelados,CEDIS_Centro,410,470,24.64
2024-05-05,SKU_E,Congelados,CEDIS_Centro,419,562,25.67
2024-05-12,SKU_E,Congelados,CEDIS_Centro,403,492,33.72
2024-05-19,SKU_E,Congelados,CEDIS_Centro,446,596,28.27
2024-05-26,SKU_E,Congelados,CEDIS_Centro,415,526,33.93
2024-06-02,SKU_E,Congelados,CEDIS_Centro,417,479,37.53
2024-06-09,SKU_E,Congelados,CEDIS_Centro,411,550,38.1
2024-06-16,SKU_E,Congelados,CEDIS_Centro,419,477,32.01
2024-06-23,SKU_E,Congelados,CEDIS_Centro,390,530,24.6
2024-06-30,SKU_E,Congelados,CEDIS_Centro,348,441,45.92
2024-07-07,SKU_E,Congelados,CEDIS_Centro,386,522,52.0
2024-07-14,SKU_E,Congelados,CEDIS_Centro,355,499,29.76
2024-07-21,SKU_E,Congelados,CEDIS_Centro,354,426,42.08
2024-07-28,SKU_E,Congelados,CEDIS_Centro,378,470,42.39
2024-08-04,SKU_E,Congelados,CEDIS_Centro,390,499,29.27
2024-08-11,SKU_E,Congelados,CEDIS_Centro,356,457,45.19
2024-08-18,SKU_E,Congelados,CEDIS_Centro,360,433,45.62
2024-08-25,SKU_E,Congelados,CEDIS_Centro,392,497,35.82
2024-09-01,SKU_E,Congelados,CEDIS_Centro,353,497,44.56
2024-09-08,SKU_E,Congelados,CEDIS_Centro,410,485,37.98
2024-09-15,SKU_E,Congelados,CEDIS_Centro,358,462,35.55
2024-09-22,SKU_E,Congelados,CEDIS_Centro,299,439,28.59
2024-09-29,SKU_E,Congelados,CEDIS_Centro,361,446,50.09
2024-10-06,SKU_E,Congelados,CEDIS_Centro,352,410,43.09
2024-10-13,SKU_E,Congelados,CEDIS_Centro,376,494,27.48
2024-10-20,SKU_E,Congelados,CEDIS_Centro,362,453,27.88
2024-10-27,SKU_E,Congelados,CEDIS_Centro,343,407,30.49
2024-11-03,SKU_E,Congelados,CEDIS_Centro,318,430,41.11
2024-11-10,SKU_E,Congelados,CEDIS_Centro,346,477,32.54
2024-11-17,SKU_E,Congelados,CEDIS_Centro,334,433,44.45
2024-11-24,SKU_E,Congelados,CEDIS_Centro,344,469,24.57
2024-12-01,SKU_E,Congelados,CEDIS_Centro,377,472,53.82
2024-12-08,SKU_E,Congelados,CEDIS_Centro,408,537,26.9
2024-12-15,SKU_E,Congelados,CEDIS_Centro,381,517,48.24
2024-12-22,SKU_E,Congelados,CEDIS_Centro,345,433,56.75
2024-12-29,SKU_E,Congelados,CEDIS_Centro,391,516,23.39
2023-01-01,SKU_E,Congelados,CEDIS_Sur,298,388,24.71
2023-01-08,SKU_E,Congelados,CEDIS_Sur,256,345,24.68
2023-01-15,SKU_E,Congelados,CEDIS_Sur,271,368,47.74
2023-01-22,SKU_E,Congelados,CEDIS_Sur,278,393,35.54
2023-01-29,SKU_E,Congelados,CEDIS_Sur,261,387,25.51
2023-02-05,SKU_E,Congelados,CEDIS_Sur,299,398,36.92
2023-02-12,SKU_E,Congelados,CEDIS_Sur,283,395,45.42
2023-02-19,SKU_E,Congelados,CEDIS_Sur,298,436,56.77
2023-02-26,SKU_E,Congelados,CEDIS_Sur,268,340,42.2
2023-03-05,SKU_E,Congelados,CEDIS_Sur,280,392,31.55
2023-03-12,SKU_E,Congelados,CEDIS_Sur,311,384,32.58
2023-03-19,SKU_E,Congelados,CEDIS_Sur,284,391,44.78
2023-03-26,SKU_E,Congelados,CEDIS_Sur,337,432,58.07
2023-04-02,SKU_E,Congelados,CEDIS_Sur,284,396,25.46
2023-04-09,SKU_E,Congelados,CEDIS_Sur,300,399,58.55
2023-04-16,SKU_E,Congelados,CEDIS_Sur,317,431,46.12
2023-04-23,SKU_E,Congelados,CEDIS_Sur,257,359,47.39
2023-04-30,SKU_E,Congelados,CEDIS_Sur,247,350,48.41
2023-05-07,SKU_E,Congelados,CEDIS_Sur,251,357,39.55
2023-05-14,SKU_E,Congelados,CEDIS_Sur,319,379,42.62
2023-05-21,SKU_E,Congelados,CEDIS_Sur,271,418,28.82
2023-05-28,SKU_E,Congelados,CEDIS_Sur,346,400,30.99
2023-06-04,SKU_E,Congelados,CEDIS_Sur,266,384,31.55
2023-06-11,SKU_E,Congelados,CEDIS_Sur,281,430,38.29
2023-06-18,SKU_E,Congelados,CEDIS_Sur,312,457,50.9
2023-06-25,SKU_E,Congelados,CEDIS_Sur,321,434,41.99
2023-07-02,SKU_E,Congelados,CEDIS_Sur,319,383,42.91
2023-07-09,SKU_E,Congelados,CEDIS_Sur,294,378,51.0
2023-07-16,SKU_E,Congelados,CEDIS_Sur,286,382,41.68
2023-07-23,SKU_E,Congelados,CEDIS_Sur,273,419,21.66
2023-07-30,SKU_E,Congelados,CEDIS_Sur,274,416,37.65
2023-08-06,SKU_E,Congelados,CEDIS_Sur,238,315,59.59
2023-08-13,SKU_E,Congelados,CEDIS_Sur,229,292,49.44
2023-08-20,SKU_E,Congelados,CEDIS_Sur,247,380,50.05
2023-08-27,SKU_E,Congelados,CEDIS_Sur,241,329,54.99
2023-09-03,SKU_E,Congelados,CEDIS_Sur,232,286,37.99
2023-09-10,SKU_E,Congelados,CEDIS_Sur,260,354,54.49
2023-09-17,SKU_E,Congelados,CEDIS_Sur,265,326,37.56
2023-09-24,SKU_E,Congelados,CEDIS_Sur,243,308,51.03
2023-10-01,SKU_E,Congelados,CEDIS_Sur,278,358,28.4
2023-10-08,SKU_E,Congelados,CEDIS_Sur,212,356,43.52
2023-10-15,SKU_E,Congelados,CEDIS_Sur,237,331,54.44
2023-10-22,SKU_E,Congelados,CEDIS_Sur,225,353,45.31
2023-10-29,SKU_E,Congelados,CEDIS_Sur,197,268,44.65
2023-11-05,SKU_E,Congelados,CEDIS_Sur,243,393,28.26
2023-11-12,SKU_E,Congelados,CEDIS_Sur,244,320,52.22
2023-11-19,SKU_E,Congelados,CEDIS_Sur,288,410,34.03
2023-11-26,SKU_E,Congelados,CEDIS_Sur,268,353,43.87
2023-12-03,SKU_E,Congelados,CEDIS_Sur,229,300,32.95
2023-12-10,SKU_E,Congelados,CEDIS_Sur,304,444,31.71
2023-12-17,SKU_E,Congelados,CEDIS_Sur,292,415,30.69
2023-12-24,SKU_E,Congelados,CEDIS_Sur,279,394,59.42
2023-12-31,SKU_E,Congelados,CEDIS_Sur,262,398,52.61
2024-01-07,SKU_E,Congelados,CEDIS_Sur,247,314,58.51
2024-01-14,SKU_E,Congelados,CEDIS_Sur,265,415,36.46
2024-01-21,SKU_E,Congelados,CEDIS_Sur,304,361,59.7
2024-01-28,SKU_E,Congelados,CEDIS_Sur,327,460,25.08
2024-02-04,SKU_E,Congelados,CEDIS_Sur,321,387,29.99
2024-02-11,SKU_E,Congelados,CEDIS_Sur,273,414,32.88
2024-02-18,SKU_E,Congelados,CEDIS_Sur,260,341,50.46
2024-02-25,SKU_E,Congelados,CEDIS_Sur,293,429,35.71
2024-03-03,SKU_E,Congelados,CEDIS_Sur,247,315,43.1
2024-03-10,SKU_E,Congelados,CEDIS_Sur,301,385,45.11
2024-03-17,SKU_E,Congelados,CEDIS_Sur,290,388,38.08
2024-03-24,SKU_E,Congelados,CEDIS_Sur,282,413,51.78
2024-03-31,SKU_E,Congelados,CEDIS_Sur,254,402,23.72
2024-04-07,SKU_E,Congelados,CEDIS_Sur,307,422,49.99
2024-04-14,SKU_E,Congelados,CEDIS_Sur,280,418,57.45
2024-04-21,SKU_E,Congelados,CEDIS_Sur,263,360,38.19
2024-04-28,SKU_E,Congelados,CEDIS_Sur,219,331,33.09
2024-05-05,SKU_E,Congelados,CEDIS_Sur,289,339,54.76
2024-05-12,SKU_E,Congelados,CEDIS_Sur,332,475,23.73
2024-05-19,SKU_E,Congelados,CEDIS_Sur,327,435,45.39
2024-05-26,SKU_E,Congelados,CEDIS_Sur,271,410,34.33
2024-06-02,SKU_E,Congelados,CEDIS_Sur,265,323,51.83
2024-06-09,SKU_E,Congelados,CEDIS_Sur,289,389,28.71
2024-06-16,SKU_E,Congelados,CEDIS_Sur,249,353,52.99
2024-06-23,SKU_E,Congelados,CEDIS_Sur,278,391,30.74
2024-06-30,SKU_E,Congelados,CEDIS_Sur,287,373,33.51
2024-07-07,SKU_E,Congelados,CEDIS_Sur,295,418,25.22
2024-07-14,SKU_E,Congelados,CEDIS_Sur,259,371,51.53
2024-07-21,SKU_E,Congelados,CEDIS_Sur,253,390,50.49
2024-07-28,SKU_E,Congelados,CEDIS_Sur,233,288,23.98
2024-08-04,SKU_E,Congelados,CEDIS_Sur,232,382,53.47
2024-08-11,SKU_E,Congelados,CEDIS_Sur,244,296,24.97
2024-08-18,SKU_E,Congelados,CEDIS_Sur,257,327,37.65
2024-08-25,SKU_E,Congelados,CEDIS_Sur,268,318,59.67
2024-09-01,SKU_E,Congelados,CEDIS_Sur,224,328,28.09
2024-09-08,SKU_E,Congelados,CEDIS_Sur,280,418,56.38
2024-09-15,SKU_E,Congelados,CEDIS_Sur,235,368,32.07
2024-09-22,SKU_E,Congelados,CEDIS_Sur,240,325,23.73
2024-09-29,SKU_E,Congelados,CEDIS_Sur,222,318,30.02
2024-10-06,SKU_E,Congelados,CEDIS_Sur,180,277,46.58
2024-10-13,SKU_E,Congelados,CEDIS_Sur,263,396,26.62
2024-10-20,SKU_E,Congelados,CEDIS_Sur,261,361,45.02
2024-10-27,SKU_E,Congelados,CEDIS_Sur,237,379,47.98
2024-11-03,SKU_E,Congelados,CEDIS_Sur,247,326,37.17
2024-11-10,SKU_E,Congelados,CEDIS_Sur,260,321,48.15
2024-11-17,SKU_E,Congelados,CEDIS_Sur,210,260,28.54
2024-11-24,SKU_E,Congelados,CEDIS_Sur,239,298,25.31
2024-12-01,SKU_E,Congelados,CEDIS_Sur,275,353,40.78
2024-12-08,SKU_E,Congelados,CEDIS_Sur,226,332,20.37
2024-12-15,SKU_E,Congelados,CEDIS_Sur,268,407,33.74
2024-12-22,SKU_E,Congelados,CEDIS_Sur,230,295,59.53
2024-12-29,SKU_E,Congelados,CEDIS_Sur,279,383,47.76
